GEOID,CBSA,basename,NAME,LSADC,AREALAND,AREAWATER,lat,lng
10180,10180,"Abilene, TX","Abilene, TX Metro Area",M1,7105669734,36754978,32.4520222,-99.7187428
10380,10380,"Aguadilla, PR","Aguadilla, PR Metro Area",M1,769383281,354396433,18.391555,-67.0972023
10420,10420,"Akron, OH","Akron, OH Metro Area",M1,2331351433,62042598,41.1466395,-81.3501104
10500,10500,"Albany, GA","Albany, GA Metro Area",M1,4120798650,46035863,31.6446859,-84.1107184
10540,10540,"Albany, OR","Albany, OR Metro Area",M1,5929797331,50146297,44.4888982,-122.5372084
10580,10580,"Albany-Schenectady-Troy, NY","Albany-Schenectady-Troy, NY Metro Area",M1,7282571671,171996748,42.7879202,-73.9423479
10740,10740,"Albuquerque, NM","Albuquerque, NM Metro Area",M1,24043814909,31882183,35.1234965,-106.4583918
10780,10780,"Alexandria, LA","Alexandria, LA Metro Area",M1,5096657042,151518644,31.3253478,-92.5468034
10900,10900,"Allentown-Bethlehem-Easton, PA-NJ","Allentown-Bethlehem-Easton, PA-NJ Metro Area",M1,3763302206,58253775,40.7893392,-75.398158
11020,11020,"Altoona, PA","Altoona, PA Metro Area",M1,1359916303,3294804,40.4986828,-78.309597
11100,11100,"Amarillo, TX","Amarillo, TX Metro Area",M1,13341010285,84912898,35.2479988,-101.9086699
11180,11180,"Ames, IA","Ames, IA Metro Area",M1,2960371309,11069988,42.0361281,-93.6980079
11200,11200,"Amherst Town-Northampton, MA","Amherst Town-Northampton, MA Metro Area",M1,1365533877,46625893,42.33946,-72.6636919
11260,11260,"Anchorage, AK","Anchorage, AK Metro Area",M1,68411728021,2067458234,62.2127844,-149.6782218
11460,11460,"Ann Arbor, MI","Ann Arbor, MI Metro Area",M1,1828571110,42491927,42.2522168,-83.8434233
11500,11500,"Anniston-Oxford, AL","Anniston-Oxford, AL Metro Area",M1,1569256904,16525540,33.7705162,-85.8279089
11540,11540,"Appleton, WI","Appleton, WI Metro Area",M1,2475529665,222422501,44.2906032,-88.3723255
11640,11640,"Arecibo, PR","Arecibo, PR Metro Area",M1,613528958,231467260,18.439223900000002,-66.7599813
11700,11700,"Asheville, NC","Asheville, NC Metro Area",M1,3830732047,19333890,35.6163405,-82.5706835
12020,12020,"Athens-Clarke County, GA","Athens-Clarke County, GA Metro Area",M1,2654858911,26147490,33.943984,-83.2138965
12060,12060,"Atlanta-Sandy Springs-Roswell, GA","Atlanta-Sandy Springs-Roswell, GA Metro Area",M1,22750687355,384093172,33.7324018,-84.3928478
12100,12100,"Atlantic City-Hammonton, NJ","Atlantic City-Hammonton, NJ Metro Area",M1,2090370406,1256261956,39.2861857,-74.7383113
12220,12220,"Auburn-Opelika, AL","Auburn-Opelika, AL Metro Area",M1,3150002512,33242168,32.4922058,-85.5271267
12260,12260,"Augusta-Richmond County, GA-SC","Augusta-Richmond County, GA-SC Metro Area",M1,9015025413,262326026,33.4603713,-81.9828327
12420,12420,"Austin-Round Rock-San Marcos, TX","Austin-Round Rock-San Marcos, TX Metro Area",M1,10929311439,149957078,30.2497437,-97.6498417
12540,12540,"Bakersfield-Delano, CA","Bakersfield-Delano, CA Metro Area",M1,21068706344,78331375,35.3466288,-118.7295064
12580,12580,"Baltimore-Columbia-Towson, MD","Baltimore-Columbia-Towson, MD Metro Area",M1,6737781049,1304177828,39.304361,-76.5495009
12620,12620,"Bangor, ME","Bangor, ME Metro Area",M1,8798667188,414015631,45.4092843,-68.666616
12700,12700,"Barnstable Town, MA","Barnstable Town, MA Metro Area",M1,1020933685,2360402326,41.7061233,-70.1648227
12940,12940,"Baton Rouge, LA","Baton Rouge, LA Metro Area",M1,11312573569,530861404,30.5152419,-91.1269263
12980,12980,"Battle Creek, MI","Battle Creek, MI Metro Area",M1,1829201516,31257733,42.2429896,-85.0123853
13020,13020,"Bay City, MI","Bay City, MI Metro Area",M1,1145835301,487713013,43.6997112,-83.9787007
13140,13140,"Beaumont-Port Arthur, TX","Beaumont-Port Arthur, TX Metro Area",M1,5441855546,747526125,30.0759278,-94.2027049
13220,13220,"Beckley, WV","Beckley, WV Metro Area",M1,3281324816,27857476,37.9056593,-81.1637481
13380,13380,"Bellingham, WA","Bellingham, WA Metro Area",M1,5459507981,1028087021,48.8426531,-121.8364325
13460,13460,"Bend, OR","Bend, OR Metro Area",M1,20145544017,141935327,44.1538371,-120.8870717
13740,13740,"Billings, MT","Billings, MT Metro Area",M1,16777485427,99431396,45.6371402,-108.8323611
13780,13780,"Binghamton, NY","Binghamton, NY Metro Area",M1,3171226607,36122815,42.1639276,-76.0229431
13820,13820,"Birmingham, AL","Birmingham, AL Metro Area",M1,13674891003,232754429,33.4623718,-86.8143378
13900,13900,"Bismarck, ND","Bismarck, ND Metro Area",M1,11087703051,165098287,46.887031,-100.979592
13980,13980,"Blacksburg-Christiansburg-Radford, VA","Blacksburg-Christiansburg-Radford, VA Metro Area",M1,3767168035,45434260,37.1213643,-80.5315166
14010,14010,"Bloomington, IL","Bloomington, IL Metro Area",M1,3064597294,7804856,40.4945594,-88.8445391
14020,14020,"Bloomington, IN","Bloomington, IN Metro Area",M1,2019718823,50076704,39.2417362,-86.6717544
14260,14260,"Boise City, ID","Boise City, ID Metro Area",M1,30475469561,170870166,43.0066485,-116.1419089
14460,14460,"Boston-Cambridge-Newton, MA-NH","Boston-Cambridge-Newton, MA-NH Metro Area",M1,9029560059,2654239981,42.517606,-71.0219925
14500,14500,"Boulder, CO","Boulder, CO Metro Area",M1,1881409373,36403508,40.0949712,-105.3977104
14540,14540,"Bowling Green, KY","Bowling Green, KY Metro Area",M1,4181238856,63508603,37.0468044,-86.3973979
14580,14580,"Bozeman, MT","Bozeman, MT Metro Area",M1,6747835851,73611148,45.5180536,-111.1639214
14740,14740,"Bremerton-Silverdale-Port Orchard, WA","Bremerton-Silverdale-Port Orchard, WA Metro Area",M1,1023271578,442224284,47.6396874,-122.6496358
14860,14860,"Bridgeport-Stamford-Danbury, CT","Bridgeport-Stamford-Danbury, CT Metro Area",M1,1741351783,553868040,41.2524425,-73.3932673
15180,15180,"Brownsville-Harlingen, TX","Brownsville-Harlingen, TX Metro Area",M1,2309547317,1004825171,26.1029227,-97.4789584
15260,15260,"Brunswick-St. Simons, GA","Brunswick-St. Simons, GA Metro Area",M1,3351988457,808600381,31.3017391,-81.5889087
15380,15380,"Buffalo-Cheektowaga, NY","Buffalo-Cheektowaga, NY Metro Area",M1,4053619557,2075648706,43.0443711,-78.7773351
15500,15500,"Burlington, NC","Burlington, NC Metro Area",M1,1096770315,27906243,36.0439535,-79.4005733
15540,15540,"Burlington-South Burlington, VT","Burlington-South Burlington, VT Metro Area",M1,3236454054,656620800,44.6891146,-73.0411754
15940,15940,"Canton-Massillon, OH","Canton-Massillon, OH Metro Area",M1,2511285724,24789639,40.7110505,-81.261468
15980,15980,"Cape Coral-Fort Myers, FL","Cape Coral-Fort Myers, FL Metro Area",M1,2023252433,1900134174,26.5632731,-81.9841817
16020,16020,"Cape Girardeau, MO-IL","Cape Girardeau, MO-IL Metro Area",M1,3708383565,73454288,37.3259361,-89.7626388
16180,16180,"Carson City, NV","Carson City, NV Metro Area",M1,374341370,32594082,39.1530598,-119.7473681
16220,16220,"Casper, WY","Casper, WY Metro Area",M1,13831927724,90969877,42.9776447,-106.7682192
16300,16300,"Cedar Rapids, IA","Cedar Rapids, IA Metro Area",M1,5202595806,29469265,42.0862886,-91.6310949
16540,16540,"Chambersburg, PA","Chambersburg, PA Metro Area",M1,2000193444,1553435,39.9267722,-77.7245208
16580,16580,"Champaign-Urbana, IL","Champaign-Urbana, IL Metro Area",M1,4975080240,8505259,40.2344885,-88.2986226
16620,16620,"Charleston, WV","Charleston, WV Metro Area",M1,4522280223,33179871,38.2832126,-81.4925567
16700,16700,"Charleston-North Charleston, SC","Charleston-North Charleston, SC Metro Area",M1,6708455217,1508152029,33.0175399,-80.0099468
16740,16740,"Charlotte-Concord-Gastonia, NC-SC","Charlotte-Concord-Gastonia, NC-SC Metro Area",M1,14497151006,302072282,35.1663423,-80.7972848
16820,16820,"Charlottesville, VA","Charlottesville, VA Metro Area",M1,4259324964,35660647,37.9490837,-78.5932062
16860,16860,"Chattanooga, TN-GA","Chattanooga, TN-GA Metro Area",M1,5409951537,126699207,35.0493612,-85.3611582
16940,16940,"Cheyenne, WY","Cheyenne, WY Metro Area",M1,6956355027,4348084,41.2928302,-104.660395
16980,16980,"Chicago-Naperville-Elgin, IL-IN","Chicago-Naperville-Elgin, IL-IN Metro Area",M1,17931312603,4924038041,41.75878,-87.8418871
17020,17020,"Chico, CA","Chico, CA Metro Area",M1,4238545144,105204062,39.6653362,-121.6032086
17140,17140,"Cincinnati, OH-KY-IN","Cincinnati, OH-KY-IN Metro Area",M1,11357649906,208697728,39.0785953,-84.463535
17300,17300,"Clarksville, TN-KY","Clarksville, TN-KY Metro Area",M1,5589639018,217672424,36.6957098,-87.6243072
17410,17410,"Cleveland, OH","Cleveland, OH Metro Area",M1,6996797989,6852681067,41.6675481,-81.4305203
17420,17420,"Cleveland, TN","Cleveland, TN Metro Area",M1,1977111867,26866021,35.1381174,-84.6550787
17660,17660,"Coeur d'Alene, ID","Coeur d'Alene, ID Metro Area",M1,3205870033,184411362,47.6759605,-116.6958613
17780,17780,"College Station-Bryan, TX","College Station-Bryan, TX Metro Area",M1,5439976577,86556862,30.7543917,-96.4885368
17820,17820,"Colorado Springs, CO","Colorado Springs, CO Metro Area",M1,6950401130,12004523,38.8455072,-104.6387277
17860,17860,"Columbia, MO","Columbia, MO Metro Area",M1,4439504770,45551846,38.9865239,-92.585236
17900,17900,"Columbia, SC","Columbia, SC Metro Area",M1,9591074825,338331336,34.0775845,-81.0378453
17980,17980,"Columbus, GA-AL","Columbus, GA-AL Metro Area",M1,7215988242,82279841,32.4193768,-84.8437095
18020,18020,"Columbus, IN","Columbus, IN Metro Area",M1,1053968862,6715104,39.205843,-85.8979988
18140,18140,"Columbus, OH","Columbus, OH Metro Area",M1,12425338866,139130776,39.9685617,-82.8359105
18580,18580,"Corpus Christi, TX","Corpus Christi, TX Metro Area",M1,4623037511,1596411512,27.8948171,-97.4016678
18700,18700,"Corvallis, OR","Corvallis, OR Metro Area",M1,1748781835,7655317,44.4938816,-123.4246641
18880,18880,"Crestview-Fort Walton Beach-Destin, FL","Crestview-Fort Walton Beach-Destin, FL Metro Area",M1,5097635914,1781729183,30.5949415,-86.3581638
19100,19100,"Dallas-Fort Worth-Arlington, TX","Dallas-Fort Worth-Arlington, TX Metro Area",M1,22471478130,857244105,32.8491708,-96.9704894
19140,19140,"Dalton, GA","Dalton, GA Metro Area",M1,1644485120,7297349,34.7969557,-84.856279
19300,19300,"Daphne-Fairhope-Foley, AL","Daphne-Fairhope-Foley, AL Metro Area",M1,4117933903,1132678359,30.6592183,-87.7460666
19340,19340,"Davenport-Moline-Rock Island, IA-IL","Davenport-Moline-Rock Island, IA-IL Metro Area",M1,5879334987,113708971,41.3916799,-90.460076
19430,19430,"Dayton-Kettering-Beavercreek, OH","Dayton-Kettering-Beavercreek, OH Metro Area",M1,3319240353,22215074,39.8297456,-84.1409921
19460,19460,"Decatur, AL","Decatur, AL Metro Area",M1,3290220113,118858479,34.4893614,-87.0971469
19500,19500,"Decatur, IL","Decatur, IL Metro Area",M1,1503613053,13477733,39.8602372,-88.9615288
19660,19660,"Deltona-Daytona Beach-Ormond Beach, FL","Deltona-Daytona Beach-Ormond Beach, FL Metro Area",M1,4111380413,1077052954,29.1789002,-81.1890231
19740,19740,"Denver-Aurora-Centennial, CO","Denver-Aurora-Centennial, CO Metro Area",M1,21612754531,149054847,39.434789,-104.9010728
19780,19780,"Des Moines-West Des Moines, IA","Des Moines-West Des Moines, IA Metro Area",M1,9356738798,82884511,41.5770501,-93.7597124
19820,19820,"Detroit-Warren-Dearborn, MI","Detroit-Warren-Dearborn, MI Metro Area",M1,10082591606,886772785,42.7218478,-83.2008463
20020,20020,"Dothan, AL","Dothan, AL Metro Area",M1,4445038429,32888511,31.2455283,-85.4691904
20100,20100,"Dover, DE","Dover, DE Metro Area",M1,1517891101,549776917,39.0970884,-75.5029819
20220,20220,"Dubuque, IA","Dubuque, IA Metro Area",M1,1575486166,21140740,42.4634808,-90.8787708
20260,20260,"Duluth, MN-WI","Duluth, MN-WI Metro Area",M1,21791092345,2076620159,47.3297029,-92.3762703
20500,20500,"Durham-Chapel Hill, NC","Durham-Chapel Hill, NC Metro Area",M1,4555685679,137227350,35.995536,-79.0969897
20580,20580,"Eagle Pass, TX","Eagle Pass, TX Metro Area",M1,3313841498,31849663,28.7297873,-100.316678
20740,20740,"Eau Claire, WI","Eau Claire, WI Metro Area",M1,4264033246,103888347,44.9386719,-91.2843222
20940,20940,"El Centro, CA","El Centro, CA Metro Area",M1,10814374223,790135128,33.0408143,-115.3554001
21340,21340,"El Paso, TX","El Paso, TX Metro Area",M1,14462602943,6663111,31.527394,-105.5213326
21060,21060,"Elizabethtown, KY","Elizabethtown, KY Metro Area",M1,2292072981,22754590,37.6512088,-85.8875977
21140,21140,"Elkhart-Goshen, IN","Elkhart-Goshen, IN Metro Area",M1,1199572614,12465421,41.6006928,-85.8639864
21300,21300,"Elmira, NY","Elmira, NY Metro Area",M1,1054989064,8874703,42.1486972,-76.7524712
21420,21420,"Enid, OK","Enid, OK Metro Area",M1,2741521321,4075930,36.3781319,-97.7887411
21500,21500,"Erie, PA","Erie, PA Metro Area",M1,2069152928,1966263897,42.1179519,-80.0963858
21660,21660,"Eugene-Springfield, OR","Eugene-Springfield, OR Metro Area",M1,11795044812,436058217,43.9283337,-122.8975806
21780,21780,"Evansville, IN","Evansville, IN Metro Area",M1,2660995489,52092190,38.0491421,-87.5845186
21820,21820,"Fairbanks-College, AK","Fairbanks-College, AK Metro Area",M1,18997546107,258865394,64.6704543,-146.4960611
22020,22020,"Fargo, ND-MN","Fargo, ND-MN Metro Area",M1,7278152692,26752493,46.9148591,-96.9601826
22140,22140,"Farmington, NM","Farmington, NM Metro Area",M1,14289558282,54900394,36.5116245,-108.3245778
22180,22180,"Fayetteville, NC","Fayetteville, NC Metro Area",M1,2700628901,19261542,35.0379563,-78.9822092
22220,22220,"Fayetteville-Springdale-Rogers, AR","Fayetteville-Springdale-Rogers, AR Metro Area",M1,6794685252,130170310,36.1163935,-94.0795449
22380,22380,"Flagstaff, AZ","Flagstaff, AZ Metro Area",M1,48216164929,116604557,35.8296919,-111.7737277
22420,22420,"Flint, MI","Flint, MI Metro Area",M1,1649682298,32740388,43.0210768,-83.7063718
22500,22500,"Florence, SC","Florence, SC Metro Area",M1,3525189243,24462734,34.1535741,-79.8061642
22520,22520,"Florence-Muscle Shoals, AL","Florence-Muscle Shoals, AL Metro Area",M1,3265980195,212677495,34.7992544,-87.7193881
22540,22540,"Fond du Lac, WI","Fond du Lac, WI Metro Area",M1,1863667253,119853822,43.7547219,-88.493284
22660,22660,"Fort Collins-Loveland, CO","Fort Collins-Loveland, CO Metro Area",M1,6722949455,99049183,40.6580933,-105.4867638
22900,22900,"Fort Smith, AR-OK","Fort Smith, AR-OK Metro Area",M1,4662049414,166502828,35.4290883,-94.448349
23060,23060,"Fort Wayne, IN","Fort Wayne, IN Metro Area",M1,3524597859,19019004,41.0069993,-85.2164239
23420,23420,"Fresno, CA","Fresno, CA Metro Area",M1,20966706476,178903286,36.8794036,-119.6684884
23460,23460,"Gadsden, AL","Gadsden, AL Metro Area",M1,1386014339,34925394,34.0476407,-86.0342629
23540,23540,"Gainesville, FL","Gainesville, FL Metro Area",M1,6069953634,1479855280,29.4533549,-82.6662573
23580,23580,"Gainesville, GA","Gainesville, GA Metro Area",M1,1016590900,93546822,34.3175689,-83.8184997
23900,23900,"Gettysburg, PA","Gettysburg, PA Metro Area",M1,1343104813,8147590,39.8694372,-77.2177502
24020,24020,"Glens Falls, NY","Glens Falls, NY Metro Area",M1,4398866597,204963258,43.4404503,-73.6367573
24140,24140,"Goldsboro, NC","Goldsboro, NC Metro Area",M1,1434651142,9842326,35.3541896,-78.0086695
24220,24220,"Grand Forks, ND-MN","Grand Forks, ND-MN Metro Area",M1,8824638833,77690745,47.835929,-96.8426809
24260,24260,"Grand Island, NE","Grand Island, NE Metro Area",M1,4153287477,54189876,41.0839258,-98.3742176
24300,24300,"Grand Junction, CO","Grand Junction, CO Metro Area",M1,8621348059,31991713,39.019524,-108.4605707
24340,24340,"Grand Rapids-Wyoming-Kentwood, MI","Grand Rapids-Wyoming-Kentwood, MI Metro Area",M1,8398859590,2948365796,42.9798406,-85.715614
24420,24420,"Grants Pass, OR","Grants Pass, OR Metro Area",M1,4244080749,5631773,42.3869828,-123.5716197
24500,24500,"Great Falls, MT","Great Falls, MT Metro Area",M1,6988334235,34300473,47.3165751,-111.3502622
24540,24540,"Greeley, CO","Greeley, CO Metro Area",M1,10321005621,82316993,40.555961,-104.383666
24580,24580,"Green Bay, WI","Green Bay, WI Metro Area",M1,4843350975,2535182268,44.4740244,-87.9961303
24660,24660,"Greensboro-High Point, NC","Greensboro-High Point, NC Metro Area",M1,5164361711,68407226,36.0252039,-79.7926333
24780,24780,"Greenville, NC","Greenville, NC Metro Area",M1,1689620170,8247778,35.5924897,-77.3727387
24860,24860,"Greenville-Anderson-Greer, SC","Greenville-Anderson-Greer, SC Metro Area",M1,7017889083,200480295,34.6837085,-82.4134227
25020,25020,"Guayama, PR","Guayama, PR Metro Area",M1,328025738,235729639,17.9791547,-66.0694732
25060,25060,"Gulfport-Biloxi, MS","Gulfport-Biloxi, MS Metro Area",M1,5739223475,2105679626,30.4801526,-88.9992972
25180,25180,"Hagerstown-Martinsburg, MD-WV","Hagerstown-Martinsburg, MD-WV Metro Area",M1,2610749224,27270268,39.5544327,-77.9845935
25220,25220,"Hammond, LA","Hammond, LA Metro Area",M1,2049146774,136668419,30.6213483,-90.4064899
25260,25260,"Hanford-Corcoran, CA","Hanford-Corcoran, CA Metro Area",M1,3602601926,3164290,36.072478,-119.8155301
25420,25420,"Harrisburg-Carlisle, PA","Harrisburg-Carlisle, PA Metro Area",M1,4200449319,109302661,40.335915,-77.0504897
25500,25500,"Harrisonburg, VA","Harrisonburg, VA Metro Area",M1,2245860498,10770300,38.5076118,-78.8853291
25540,25540,"Hartford-West Hartford-East Hartford, CT","Hartford-West Hartford-East Hartford, CT Metro Area",M1,3759304261,289847810,41.6880385,-72.5451122
25620,25620,"Hattiesburg, MS","Hattiesburg, MS Metro Area",M1,4169585081,27325916,31.1884408,-89.232741
25740,25740,"Helena, MT","Helena, MT Metro Area",M1,16336962760,226240564,46.7157522,-112.1351552
25860,25860,"Hickory-Lenoir-Morganton, NC","Hickory-Lenoir-Morganton, NC Metro Area",M1,4246249038,75154881,35.8142954,-81.4565843
25940,25940,"Hilton Head Island-Bluffton-Port Royal, SC","Hilton Head Island-Bluffton-Port Royal, SC Metro Area",M1,3188679928,1020208983,32.3867916,-80.8308775
25980,25980,"Hinesville, GA","Hinesville, GA Metro Area",M1,2374660671,231746815,31.7787881,-81.5764801
26140,26140,"Homosassa Springs, FL","Homosassa Springs, FL Metro Area",M1,1507454468,980854442,28.8502933,-82.5955513
26300,26300,"Hot Springs, AR","Hot Springs, AR Metro Area",M1,1755013661,147452174,34.5788522,-93.1469323
26380,26380,"Houma-Bayou Cane-Thibodaux, LA","Houma-Bayou Cane-Thibodaux, LA Metro Area",M1,5955886907,3240312923,29.3341299,-90.8436739
26420,26420,"Houston-Pasadena-The Woodlands, TX","Houston-Pasadena-The Woodlands, TX Metro Area",M1,22892689726,3193013039,29.8010046,-95.34262
26580,26580,"Huntington-Ashland, WV-KY-OH","Huntington-Ashland, WV-KY-OH Metro Area",M1,7551162002,105972330,38.3574874,-82.5799944
26620,26620,"Huntsville, AL","Huntsville, AL Metro Area",M1,3535378635,142151499,34.7832617,-86.7348706
26820,26820,"Idaho Falls, ID","Idaho Falls, ID Metro Area",M1,13457908438,125339144,43.6204231,-112.4209193
26900,26900,"Indianapolis-Carmel-Greenwood, IN","Indianapolis-Carmel-Greenwood, IN Metro Area",M1,10582616074,84453620,39.7905331,-86.1242596
26980,26980,"Iowa City, IA","Iowa City, IA Metro Area",M1,3060914329,31409883,41.5178058,-91.6479303
27060,27060,"Ithaca, NY","Ithaca, NY Metro Area",M1,1229336924,43765697,42.4530063,-76.4734835
27100,27100,"Jackson, MI","Jackson, MI Metro Area",M1,1817926244,55912045,42.2484738,-84.4208679
27140,27140,"Jackson, MS","Jackson, MS Metro Area",M1,15576843436,233754863,32.4263105,-90.1364218
27180,27180,"Jackson, TN","Jackson, TN Metro Area",M1,4431944976,7224174,35.7532151,-88.8826924
27260,27260,"Jacksonville, FL","Jacksonville, FL Metro Area",M1,8292777381,1286119584,30.2341385,-81.7560584
27340,27340,"Jacksonville, NC","Jacksonville, NC Metro Area",M1,1973791492,370648831,34.7631087,-77.4994691
27500,27500,"Janesville-Beloit, WI","Janesville-Beloit, WI Metro Area",M1,1860046351,20694407,42.6698802,-89.0752844
27620,27620,"Jefferson City, MO","Jefferson City, MO Metro Area",M1,5821544937,80014237,38.6368854,-92.088876
27740,27740,"Johnson City, TN","Johnson City, TN Metro Area",M1,2211590716,25904367,36.2658223,-82.3326926
27780,27780,"Johnstown, PA","Johnstown, PA Metro Area",M1,1781816299,13645124,40.5102089,-78.7104876
27860,27860,"Jonesboro, AR","Jonesboro, AR Metro Area",M1,3795530173,28199720,35.6969781,-90.6501752
27900,27900,"Joplin, MO-KS","Joplin, MO-KS Metro Area",M1,4793618074,20833166,37.0921351,-94.5006513
27980,27980,"Kahului-Wailuku, HI","Kahului-Wailuku, HI Metro Area",M1,3039431892,3309033240,20.8559308,-156.6015502
28020,28020,"Kalamazoo-Portage, MI","Kalamazoo-Portage, MI Metro Area",M1,1455466318,47506806,42.2462657,-85.5328544
28100,28100,"Kankakee, IL","Kankakee, IL Metro Area",M1,1752101320,12459008,41.1395105,-87.8611165
28140,28140,"Kansas City, MO-KS","Kansas City, MO-KS Metro Area",M1,18794370744,301199458,38.9318567,-94.4438406
28420,28420,"Kennewick-Richland, WA","Kennewick-Richland, WA Metro Area",M1,7619028355,214802390,46.3641545,-119.2549271
28450,28450,"Kenosha, WI","Kenosha, WI Metro Area",M1,704044386,1248872159,42.5875256,-87.8799955
28660,28660,"Killeen-Temple, TX","Killeen-Temple, TX Metro Area",M1,7300170415,108954450,31.2027301,-97.7896384
28700,28700,"Kingsport-Bristol, TN-VA","Kingsport-Bristol, TN-VA Metro Area",M1,5207157853,95804424,36.6041611,-82.4401446
28740,28740,"Kingston, NY","Kingston, NY Metro Area",M1,2911757763,94596810,41.9472124,-74.2654582
28880,28880,"Kiryas Joel-Poughkeepsie-Newburgh, NY","Kiryas Joel-Poughkeepsie-Newburgh, NY Metro Area",M1,4163872527,144859262,41.5752737,-74.0338729
28940,28940,"Knoxville, TN","Knoxville, TN Metro Area",M1,9067430711,385652256,36.0444622,-84.1361137
29020,29020,"Kokomo, IN","Kokomo, IN Metro Area",M1,759058623,2194576,40.4835368,-86.1141178
29100,29100,"La Crosse-Onalaska, WI-MN","La Crosse-Onalaska, WI-MN Metro Area",M1,4650283149,180748247,43.6982642,-91.1101402
29180,29180,"Lafayette, LA","Lafayette, LA Metro Area",M1,7339214180,1144313836,30.0129611,-92.1365518
29200,29200,"Lafayette-West Lafayette, IN","Lafayette-West Lafayette, IN Metro Area",M1,4253332686,23170968,40.4821533,-87.0171117
29340,29340,"Lake Charles, LA","Lake Charles, LA Metro Area",M1,7770865606,1785193908,30.0384514,-93.1900931
29420,29420,"Lake Havasu City-Kingman, AZ","Lake Havasu City-Kingman, AZ Metro Area",M1,34530032722,333388241,35.717705,-113.7496891
29460,29460,"Lakeland-Winter Haven, FL","Lakeland-Winter Haven, FL Metro Area",M1,4658004648,548938965,27.9548539,-81.6943014
29540,29540,"Lancaster, PA","Lancaster, PA Metro Area",M1,2444751650,103368817,40.0419921,-76.250198
29620,29620,"Lansing-East Lansing, MI","Lansing-East Lansing, MI Metro Area",M1,4399456843,41626503,42.7136586,-84.6053717
29700,29700,"Laredo, TX","Laredo, TX Metro Area",M1,8706239653,36502177,27.7607987,-99.3407518
29740,29740,"Las Cruces, NM","Las Cruces, NM Metro Area",M1,9863137491,17594316,32.349919,-106.8349684
29820,29820,"Las Vegas-Henderson-North Las Vegas, NV","Las Vegas-Henderson-North Las Vegas, NV Metro Area",M1,20439308551,438384091,36.2141295,-115.0143977
29940,29940,"Lawrence, KS","Lawrence, KS Metro Area",M1,1180426483,48876650,38.8964168,-95.2909475
30020,30020,"Lawton, OK","Lawton, OK Metro Area",M1,4408054163,61648154,34.529113,-98.4309024
30140,30140,"Lebanon, PA","Lebanon, PA Metro Area",M1,937148927,1722125,40.3714482,-76.4648185
30300,30300,"Lewiston, ID-WA","Lewiston, ID-WA Metro Area",M1,3844567744,32544610,46.2516957,-116.9250166
30340,30340,"Lewiston-Auburn, ME","Lewiston-Auburn, ME Metro Area",M1,1212001626,75535494,44.1676811,-70.2074347
30500,30500,"Lexington Park, MD","Lexington Park, MD Metro Area",M1,1480898943,1392242766,38.3126957,-76.5279346
30460,30460,"Lexington-Fayette, KY","Lexington-Fayette, KY Metro Area",M1,3807196411,37041509,38.1028763,-84.4385451
30620,30620,"Lima, OH","Lima, OH Metro Area",M1,1042587385,11152061,40.7716274,-84.1061032
30700,30700,"Lincoln, NE","Lincoln, NE Metro Area",M1,3649268396,34389853,40.8174287,-96.8688013
30780,30780,"Little Rock-North Little Rock-Conway, AR","Little Rock-North Little Rock-Conway, AR Metro Area",M1,10577718368,297879706,34.7557726,-92.4005889
30860,30860,"Logan, UT-ID","Logan, UT-ID Metro Area",M1,4733736205,33266777,41.8890205,-111.7874375
30980,30980,"Longview, TX","Longview, TX Metro Area",M1,6942781171,108937166,32.4316457,-94.6848326
31020,31020,"Longview-Kelso, WA","Longview-Kelso, WA Metro Area",M1,2955632728,65381492,46.1967854,-122.6784596
31080,31080,"Los Angeles-Long Beach-Anaheim, CA","Los Angeles-Long Beach-Anaheim, CA Metro Area",M1,12570606204,2190172320,34.1087033,-118.1827533
31140,31140,"Louisville/Jefferson County, KY-IN","Louisville/Jefferson County, KY-IN Metro Area",M1,10258517055,204993947,38.2243628,-85.7019893
31180,31180,"Lubbock, TX","Lubbock, TX Metro Area",M1,13635250532,29028929,33.4664357,-101.8833475
31340,31340,"Lynchburg, VA","Lynchburg, VA Metro Area",M1,5492003806,68482555,37.3649258,-79.2166894
31420,31420,"Macon-Bibb County, GA","Macon-Bibb County, GA Metro Area",M1,4464077595,36495719,32.8562163,-83.714305
31540,31540,"Madison, WI","Madison, WI Metro Area",M1,8569851369,200086709,43.0838459,-89.5977453
31700,31700,"Manchester-Nashua, NH","Manchester-Nashua, NH Metro Area",M1,2270202132,41310055,42.9115317,-71.7230554
31740,31740,"Manhattan, KS","Manhattan, KS Metro Area",M1,4752750163,137896683,39.2684241,-96.5622422
31860,31860,"Mankato, MN","Mankato, MN Metro Area",M1,3098506663,93430648,44.15479,-94.1477975
31900,31900,"Mansfield, OH","Mansfield, OH Metro Area",M1,1282631596,12560134,40.774159,-82.5427812
32420,32420,"Mayag체ez, PR","Mayag체ez, PR Metro Area",M1,803039015,892871868,18.0192258,-67.1666383
32580,32580,"McAllen-Edinburg-Mission, TX","McAllen-Edinburg-Mission, TX Metro Area",M1,4069432987,30081130,26.3963839,-98.18099
32780,32780,"Medford, OR","Medford, OR Metro Area",M1,7208596398,46767956,42.4116214,-122.6756106
32820,32820,"Memphis, TN-MS-AR","Memphis, TN-MS-AR Metro Area",M1,12878502167,331687210,35.010307,-89.8205035
32900,32900,"Merced, CA","Merced, CA Metro Area",M1,5019448521,105236254,37.1948063,-120.7228019
33100,33100,"Miami-Fort Lauderdale-West Palm Beach, FL","Miami-Fort Lauderdale-West Palm Beach, FL Metro Area",M1,13124221215,2625365884,26.1018281,-80.4787552
33140,33140,"Michigan City-La Porte, IN","Michigan City-La Porte, IN Metro Area",M1,1549559361,38775326,41.5490129,-86.7447386
33220,33220,"Midland, MI","Midland, MI Metro Area",M1,1342738433,24953314,43.6482031,-84.3794144
33260,33260,"Midland, TX","Midland, TX Metro Area",M1,4701639901,6184783,32.0923594,-101.9945395
33340,33340,"Milwaukee-Waukesha, WI","Milwaukee-Waukesha, WI Metro Area",M1,3768016694,4835686155,42.9126431,-87.8623115
33460,33460,"Minneapolis-St. Paul-Bloomington, MN-WI","Minneapolis-St. Paul-Bloomington, MN-WI Metro Area",M1,18253076814,1224215301,45.096664,-93.275361
33500,33500,"Minot, ND","Minot, ND Metro Area",M1,12339259528,249224323,48.3202424,-101.1980099
33540,33540,"Missoula, MT","Missoula, MT Metro Area",M1,9874664293,74480014,47.0695448,-114.2626684
33660,33660,"Mobile, AL","Mobile, AL Metro Area",M1,3184085284,1073989994,30.6845725,-88.1965682
33700,33700,"Modesto, CA","Modesto, CA Metro Area",M1,3875010973,46378776,37.5623162,-121.0028311
33740,33740,"Monroe, LA","Monroe, LA Metro Area",M1,7349405278,181131265,32.67396,-92.0583184
33780,33780,"Monroe, MI","Monroe, MI Metro Area",M1,1422829735,338191910,41.916097,-83.4871059
33860,33860,"Montgomery, AL","Montgomery, AL Metro Area",M1,7030302181,186419225,32.3656313,-86.4045848
34060,34060,"Morgantown, WV","Morgantown, WV Metro Area",M1,2613058451,21654430,39.5251551,-79.8019121
34100,34100,"Morristown, TN","Morristown, TN Metro Area",M1,1130124254,139279702,36.1154845,-83.376546
34580,34580,"Mount Vernon-Anacortes, WA","Mount Vernon-Anacortes, WA Metro Area",M1,4481279020,483819796,48.4932917,-121.8157703
34620,34620,"Muncie, IN","Muncie, IN Metro Area",M1,1015558816,9841207,40.2275433,-85.3992617
34740,34740,"Muskegon-Norton Shores, MI","Muskegon-Norton Shores, MI Metro Area",M1,1305149763,2476294663,43.4287388,-86.4209083
34820,34820,"Myrtle Beach-Conway-North Myrtle Beach, SC","Myrtle Beach-Conway-North Myrtle Beach, SC Metro Area",M1,2934846232,314878229,33.9092694,-78.9766749
34900,34900,"Napa, CA","Napa, CA Metro Area",M1,1947608460,104442635,38.5070999,-122.3259045
34940,34940,"Naples-Marco Island, FL","Naples-Marco Island, FL Metro Area",M1,5172241142,1574780822,26.118786,-81.4009553
34980,34980,"Nashville-Davidson--Murfreesboro--Franklin, TN","Nashville-Davidson--Murfreesboro--Franklin, TN Metro Area",M1,16322668332,196666657,36.0915767,-86.7229798
35300,35300,"New Haven, CT","New Haven, CT Metro Area",M1,951177346,653525530,41.2901671,-72.8370243
35380,35380,"New Orleans-Metairie, LA","New Orleans-Metairie, LA Metro Area",M1,6108854040,11435920296,29.282447,-89.5760676
35620,35620,"New York-Newark-Jersey City, NY-NJ","New York-Newark-Jersey City, NY-NJ Metro Area",M1,15901818642,6489596039,40.7354255,-73.80773
35660,35660,"Niles, MI","Niles, MI Metro Area",M1,1470711038,2625282548,41.7913818,-86.7425435
35840,35840,"North Port-Bradenton-Sarasota, FL","North Port-Bradenton-Sarasota, FL Metro Area",M1,3363923460,1659572972,27.3290555,-82.4145331
35980,35980,"Norwich-New London-Willimantic, CT","Norwich-New London-Willimantic, CT Metro Area",M1,1549173136,216452635,41.4847688,-72.1016655
36100,36100,"Ocala, FL","Ocala, FL Metro Area",M1,4114048470,192244413,29.2028047,-82.0431004
36220,36220,"Odessa, TX","Odessa, TX Metro Area",M1,2325508574,10188915,31.8653008,-102.5425068
36260,36260,"Ogden, UT","Ogden, UT Metro Area",M1,4001479256,935171842,41.1243423,-111.8669334
36420,36420,"Oklahoma City, OK","Oklahoma City, OK Metro Area",M1,14275409647,181028873,35.4309676,-97.5069659
36500,36500,"Olympia-Lacey-Tumwater, WA","Olympia-Lacey-Tumwater, WA Metro Area",M1,1871300040,133584564,46.9358216,-122.8301524
36540,36540,"Omaha, NE-IA","Omaha, NE-IA Metro Area",M1,11255255228,159338241,41.2904587,-95.9999701
36740,36740,"Orlando-Kissimmee-Sanford, FL","Orlando-Kissimmee-Sanford, FL Metro Area",M1,9049181372,1340590627,28.4343977,-81.3560597
36780,36780,"Oshkosh-Neenah, WI","Oshkosh-Neenah, WI Metro Area",M1,1125861111,372630362,44.0857068,-88.6681488
36980,36980,"Owensboro, KY","Owensboro, KY Metro Area",M1,1841281376,56419865,37.6643749,-87.1473864
37100,37100,"Oxnard-Thousand Oaks-Ventura, CA","Oxnard-Thousand Oaks-Ventura, CA Metro Area",M1,4767597085,947364124,34.3587477,-119.1331453
37140,37140,"Paducah, KY-IL","Paducah, KY-IL Metro Area",M1,3199845086,232253106,37.0942343,-88.7170503
37340,37340,"Palm Bay-Melbourne-Titusville, FL","Palm Bay-Melbourne-Titusville, FL Metro Area",M1,2628767922,1403935646,28.2983112,-80.7003334
37460,37460,"Panama City-Panama City Beach, FL","Panama City-Panama City Beach, FL Metro Area",M1,3479123963,1914979453,30.2732406,-85.6420894
37620,37620,"Parkersburg-Vienna, WV","Parkersburg-Vienna, WV Metro Area",M1,1551430861,32430475,39.1415311,-81.4604019
37860,37860,"Pensacola-Ferry Pass-Brent, FL","Pensacola-Ferry Pass-Brent, FL Metro Area",M1,4323725871,1757251967,30.6085566,-87.1585466
37900,37900,"Peoria, IL","Peoria, IL Metro Area",M1,6391225579,130474704,40.7880685,-89.5146389
37980,37980,"Philadelphia-Camden-Wilmington, PA-NJ-DE-MD","Philadelphia-Camden-Wilmington, PA-NJ-DE-MD Metro Area",M1,11922292054,691900554,39.8949576,-75.3119824
38060,38060,"Phoenix-Mesa-Chandler, AZ","Phoenix-Mesa-Chandler, AZ Metro Area",M1,37732769051,82802999,33.1857653,-112.0678624
38240,38240,"Pinehurst-Southern Pines, NC","Pinehurst-Southern Pines, NC Metro Area",M1,1806846435,20853327,35.3082734,-79.4927233
38300,38300,"Pittsburgh, PA","Pittsburgh, PA Metro Area",M1,14608371719,168045111,40.4713315,-79.8639858
38340,38340,"Pittsfield, MA","Pittsfield, MA Metro Area",M1,2400592149,50709117,42.371493,-73.2179276
38540,38540,"Pocatello, ID","Pocatello, ID Metro Area",M1,2881336692,92075809,42.6929211,-112.2289819
38660,38660,"Ponce, PR","Ponce, PR Metro Area",M1,946680578,447318027,18.0228643,-66.6457033
38940,38940,"Port St. Lucie, FL","Port St. Lucie, FL Metro Area",M1,2889772054,842722769,27.2279435,-80.4249613
38860,38860,"Portland-South Portland, ME","Portland-South Portland, ME Metro Area",M1,5390810260,2009313668,43.6514172,-70.4183755
38900,38900,"Portland-Vancouver-Hillsboro, OR-WA","Portland-Vancouver-Hillsboro, OR-WA Metro Area",M1,17320278360,354376394,45.6006221,-122.484378
39150,39150,"Prescott Valley-Prescott, AZ","Prescott Valley-Prescott, AZ Metro Area",M1,21038297504,11358280,34.631071,-112.5772247
39300,39300,"Providence-Warwick, RI-MA","Providence-Warwick, RI-MA Metro Area",M1,4110339414,1681117811,41.7068397,-71.2866874
39340,39340,"Provo-Orem-Lehi, UT","Provo-Orem-Lehi, UT Metro Area",M1,13976281055,398449361,39.872067,-112.3590592
39380,39380,"Pueblo, CO","Pueblo, CO Metro Area",M1,6181140047,29044037,38.1627652,-104.4846683
39460,39460,"Punta Gorda, FL","Punta Gorda, FL Metro Area",M1,1764168951,689160340,26.906358,-82.0036297
39540,39540,"Racine-Mount Pleasant, WI","Racine-Mount Pleasant, WI Metro Area",M1,861465348,1190175268,42.7803923,-87.7715988
39580,39580,"Raleigh-Cary, NC","Raleigh-Cary, NC Metro Area",M1,5487327173,73980444,35.7567464,-78.4604412
39660,39660,"Rapid City, SD","Rapid City, SD Metro Area",M1,20213929592,56159652,44.1951082,-102.916612
39740,39740,"Reading, PA","Reading, PA Metro Area",M1,2218077225,24220127,40.4139565,-75.9268598
39820,39820,"Redding, CA","Redding, CA Metro Area",M1,9778891282,185818274,40.7605142,-122.0435558
39900,39900,"Reno, NV","Reno, NV Metro Area",M1,22229187846,644087621,40.2510571,-119.5555069
40060,40060,"Richmond, VA","Richmond, VA Metro Area",M1,11303507131,330861677,37.4122374,-77.4437202
40140,40140,"Riverside-San Bernardino-Ontario, CA","Riverside-San Bernardino-Ontario, CA Metro Area",M1,70648246122,338958534,34.5384592,-116.134544
40220,40220,"Roanoke, VA","Roanoke, VA Metro Area",M1,4836990505,72205220,37.2862262,-79.9469346
40340,40340,"Rochester, MN","Rochester, MN Metro Area",M1,6415927702,74852538,43.9498104,-92.3306605
40380,40380,"Rochester, NY","Rochester, NY Metro Area",M1,7582806754,5030120016,43.184718,-77.5565575
40420,40420,"Rockford, IL","Rockford, IL Metro Area",M1,2055926586,19215219,42.331183,-89.0429139
40580,40580,"Rocky Mount, NC","Rocky Mount, NC Metro Area",M1,2708816803,9880964,35.9410455,-77.7985494
40660,40660,"Rome, GA","Rome, GA Metro Area",M1,1320459232,22359373,34.2636901,-85.2136849
40900,40900,"Sacramento-Roseville-Folsom, CA","Sacramento-Roseville-Folsom, CA Metro Area",M1,13192392916,546934724,38.7902715,-121.0056427
40980,40980,"Saginaw, MI","Saginaw, MI Metro Area",M1,2074080705,39260622,43.3282667,-84.05541
41420,41420,"Salem, OR","Salem, OR Metro Area",M1,4977344406,34800254,44.9033845,-122.9017571
41500,41500,"Salinas, CA","Salinas, CA Metro Area",M1,8499610242,1267806310,36.2401044,-121.3155781
41540,41540,"Salisbury, MD","Salisbury, MD Metro Area",M1,1797896481,819433505,38.1972788,-75.7692524
41620,41620,"Salt Lake City-Murray, UT","Salt Lake City-Murray, UT Metro Area",M1,20184092727,773332526,40.5728869,-112.9532527
41660,41660,"San Angelo, TX","San Angelo, TX Metro Area",M1,6666276942,47428099,31.3653095,-100.6594181
41700,41700,"San Antonio-New Braunfels, TX","San Antonio-New Braunfels, TX Metro Area",M1,18941354416,149084554,29.4330599,-98.6069734
41740,41740,"San Diego-Chula Vista-Carlsbad, CA","San Diego-Chula Vista-Carlsbad, CA Metro Area",M1,10906140199,815875507,33.0236041,-116.7761174
41860,41860,"San Francisco-Oakland-Fremont, CA","San Francisco-Oakland-Fremont, CA Metro Area",M1,6396725033,2476953340,37.7737185,-122.2744317
41940,41940,"San Jose-Sunnyvale-Santa Clara, CA","San Jose-Sunnyvale-Santa Clara, CA Metro Area",M1,6940482577,38316367,36.9084718,-121.3713721
41980,41980,"San Juan-Bayam처n-Caguas, PR","San Juan-Bayam처n-Caguas, PR Metro Area",M1,3724974946,1457947677,18.2944526,-66.0368437
42020,42020,"San Luis Obispo-Paso Robles, CA","San Luis Obispo-Paso Robles, CA Metro Area",M1,8549140854,815650229,35.3881891,-120.4488974
41780,41780,"Sandusky, OH","Sandusky, OH Metro Area",M1,1310463483,1825651257,41.5196059,-82.7945682
42100,42100,"Santa Cruz-Watsonville, CA","Santa Cruz-Watsonville, CA Metro Area",M1,1152818085,419720203,37.0123466,-122.0077889
42140,42140,"Santa Fe, NM","Santa Fe, NM Metro Area",M1,4947861285,2643021,35.5145309,-105.9639718
42200,42200,"Santa Maria-Santa Barbara, CA","Santa Maria-Santa Barbara, CA Metro Area",M1,7080874941,2729198795,34.5366774,-120.0383645
42220,42220,"Santa Rosa-Petaluma, CA","Santa Rosa-Petaluma, CA Metro Area",M1,4080103624,497291855,38.5251824,-122.9261095
42340,42340,"Savannah, GA","Savannah, GA Metro Area",M1,3494533867,564841281,32.1092557,-81.2732867
42540,42540,"Scranton--Wilkes-Barre, PA","Scranton--Wilkes-Barre, PA Metro Area",M1,4521998643,77933959,41.3228806,-75.8981877
42660,42660,"Seattle-Tacoma-Bellevue, WA","Seattle-Tacoma-Bellevue, WA Metro Area",M1,15203989412,1135327478,47.4905518,-121.8339765
42680,42680,"Sebastian-Vero Beach-West Vero Corridor, FL","Sebastian-Vero Beach-West Vero Corridor, FL Metro Area",M1,1301610499,295444062,27.7005283,-80.5747894
42700,42700,"Sebring, FL","Sebring, FL Metro Area",M1,2635753187,230641250,27.3410799,-81.3423534
43100,43100,"Sheboygan, WI","Sheboygan, WI Metro Area",M1,1324828373,1967670376,43.7387131,-87.731531
43300,43300,"Sherman-Denison, TX","Sherman-Denison, TX Metro Area",M1,2416024459,120093899,33.6245482,-96.6757774
43340,43340,"Shreveport-Bossier City, LA","Shreveport-Bossier City, LA Metro Area",M1,6722586717,266604966,32.4376822,-93.7448836
43420,43420,"Sierra Vista-Douglas, AZ","Sierra Vista-Douglas, AZ Metro Area",M1,16083494828,17625865,31.8401287,-109.7751627
43580,43580,"Sioux City, IA-NE-SD","Sioux City, IA-NE-SD Metro Area",M1,4139018544,37039373,42.5080093,-96.3113345
43620,43620,"Sioux Falls, SD-MN","Sioux Falls, SD-MN Metro Area",M1,7919874740,28543122,43.5256577,-96.8754156
43640,43640,"Slidell-Mandeville-Covington, LA","Slidell-Mandeville-Covington, LA Metro Area",M1,2189336604,648310301,30.4100224,-89.9519622
43780,43780,"South Bend-Mishawaka, IN-MI","South Bend-Mishawaka, IN-MI Metro Area",M1,2455075045,56422979,41.7749808,-86.1230143
43900,43900,"Spartanburg, SC","Spartanburg, SC Metro Area",M1,3424003533,33917679,34.8346199,-81.8424008
44060,44060,"Spokane-Spokane Valley, WA","Spokane-Spokane Valley, WA Metro Area",M1,10984985432,206340844,48.091618,-117.663472
44100,44100,"Springfield, IL","Springfield, IL Metro Area",M1,3062974265,25388102,39.8286215,-89.6960672
44140,44140,"Springfield, MA","Springfield, MA Metro Area",M1,1598038069,44414582,42.1361975,-72.6356473
44180,44180,"Springfield, MO","Springfield, MO Metro Area",M1,7788024122,35511881,37.3608699,-93.1802617
44220,44220,"Springfield, OH","Springfield, OH Metro Area",M1,1025322039,14608568,39.9170315,-83.783676
41060,41060,"St. Cloud, MN","St. Cloud, MN Metro Area",M1,4535549867,134058688,45.5930312,-94.4883635
41100,41100,"St. George, UT","St. George, UT Metro Area",M1,6287425962,7782767,37.2625308,-113.4878003
41140,41140,"St. Joseph, MO-KS","St. Joseph, MO-KS Metro Area",M1,4288288502,51606441,39.834843,-94.7837537
41180,41180,"St. Louis, MO-IL","St. Louis, MO-IL Metro Area",M1,20366316374,565763233,38.7402108,-90.3458253
44300,44300,"State College, PA","State College, PA Metro Area",M1,2867787629,11295680,40.9093218,-77.847667
44420,44420,"Staunton-Stuarts Draft, VA","Staunton-Stuarts Draft, VA Metro Area",M1,2595074272,10049475,38.1609584,-79.1276321
44700,44700,"Stockton-Lodi, CA","Stockton-Lodi, CA Metro Area",M1,3606041616,88864241,37.9349815,-121.272244
44940,44940,"Sumter, SC","Sumter, SC Metro Area",M1,1722544867,44046815,33.9161395,-80.3823757
45060,45060,"Syracuse, NY","Syracuse, NY Metro Area",M1,6176777904,1020628938,43.0065163,-76.1961336
45220,45220,"Tallahassee, FL","Tallahassee, FL Metro Area",M1,6188264208,1115060234,30.3463661,-84.2670012
45300,45300,"Tampa-St. Petersburg-Clearwater, FL","Tampa-St. Petersburg-Clearwater, FL Metro Area",M1,6516208426,3648580009,28.1205405,-82.525188
45460,45460,"Terre Haute, IN","Terre Haute, IN Metro Area",M1,3795165825,50448749,39.392389,-87.3470958
45500,45500,"Texarkana, TX-AR","Texarkana, TX-AR Metro Area",M1,5284184738,218347160,33.4783728,-94.2071619
45780,45780,"Toledo, OH","Toledo, OH Metro Area",M1,3528301406,676762544,41.5443571,-83.6907772
45820,45820,"Topeka, KS","Topeka, KS Metro Area",M1,8372652483,148292122,39.0413888,-95.8026393
45900,45900,"Traverse City, MI","Traverse City, MI Metro Area",M1,4379610249,7440142740,44.9523239,-85.90832
45940,45940,"Trenton-Princeton, NJ","Trenton-Princeton, NJ Metro Area",M1,581404580,11327996,40.2825026,-74.703724
46060,46060,"Tucson, AZ","Tucson, AZ Metro Area",M1,23798602443,5112015,32.128038,-111.7836574
46140,46140,"Tulsa, OK","Tulsa, OK Metro Area",M1,16239951478,491834360,36.2544416,-96.1772979
46220,46220,"Tuscaloosa, AL","Tuscaloosa, AL Metro Area",M1,9047512881,167101990,33.0978769,-87.7991473
46300,46300,"Twin Falls, ID","Twin Falls, ID Metro Area",M1,6524856811,30958610,42.4403972,-114.5687294
46340,46340,"Tyler, TX","Tyler, TX Metro Area",M1,2386661742,73106299,32.3751053,-95.2689389
46520,46520,"Urban Honolulu, HI","Urban Honolulu, HI Metro Area",M1,1556040330,4054449312,21.4613654,-158.201974
46540,46540,"Utica-Rome, NY","Utica-Rome, NY Metro Area",M1,6793614146,237713055,43.3322796,-75.1731893
46660,46660,"Valdosta, GA","Valdosta, GA Metro Area",M1,4163092303,55697563,30.8271579,-83.2435548
46700,46700,"Vallejo, CA","Vallejo, CA Metro Area",M1,2128290837,218611505,38.2672255,-121.939594
47020,47020,"Victoria, TX","Victoria, TX Metro Area",M1,4491292607,36526857,28.7314546,-97.1969934
47220,47220,"Vineland, NJ","Vineland, NJ Metro Area",M1,1251948168,503663195,39.3284336,-75.1216277
47260,47260,"Virginia Beach-Chesapeake-Norfolk, VA-NC","Virginia Beach-Chesapeake-Norfolk, VA-NC Metro Area",M1,8292852784,3500557061,36.8372891,-76.3918494
47300,47300,"Visalia, CA","Visalia, CA Metro Area",M1,12493843648,37260863,36.2288339,-118.7810551
47380,47380,"Waco, TX","Waco, TX Metro Area",M1,7213576414,133479852,31.5921004,-97.2860178
47460,47460,"Walla Walla, WA","Walla Walla, WA Metro Area",M1,3289370358,74932288,46.2546057,-118.4803697
47580,47580,"Warner Robins, GA","Warner Robins, GA Metro Area",M1,1363472888,12384690,32.4928056,-83.7110844
47900,47900,"Washington-Arlington-Alexandria, DC-VA-MD-WV","Washington-Arlington-Alexandria, DC-VA-MD-WV Metro Area",M1,15627121948,784736319,38.8297866,-77.4956841
47930,47930,"Waterbury-Shelton, CT","Waterbury-Shelton, CT Metro Area",M1,1069106369,22747873,41.5189311,-73.0879059
47940,47940,"Waterloo-Cedar Falls, IA","Waterloo-Cedar Falls, IA Metro Area",M1,3893031752,28144440,42.5367962,-92.471608
48060,48060,"Watertown-Fort Drum, NY","Watertown-Fort Drum, NY Metro Area",M1,3283928401,1524534691,43.996389,-76.0529678
48140,48140,"Wausau, WI","Wausau, WI Metro Area",M1,4002176367,80510469,44.8980363,-89.757823
48260,48260,"Weirton-Steubenville, WV-OH","Weirton-Steubenville, WV-OH Metro Area",M1,1501598355,29952734,40.3889142,-80.7019657
48300,48300,"Wenatchee-East Wenatchee, WA","Wenatchee-East Wenatchee, WA Metro Area",M1,12277634912,266210540,47.7661102,-120.2701973
48540,48540,"Wheeling, WV-OH","Wheeling, WV-OH Metro Area",M1,2443925360,49342089,39.9776866,-80.8548262
48660,48660,"Wichita Falls, TX","Wichita Falls, TX Metro Area",M1,6784840903,143917831,33.7756819,-98.5003189
48620,48620,"Wichita, KS","Wichita, KS Metro Area",M1,10743636810,85946316,37.637896,-97.2462875
48680,48680,"Wildwood-The Villages, FL","Wildwood-The Villages, FL Metro Area",M1,1442975452,58773802,28.7132767,-82.0695548
48700,48700,"Williamsport, PA","Williamsport, PA Metro Area",M1,3182887151,38917209,41.3438824,-77.0552624
48900,48900,"Wilmington, NC","Wilmington, NC Metro Area",M1,4954803303,1034720440,34.2536905,-78.0416743
49020,49020,"Winchester, VA-WV","Winchester, VA-WV Metro Area",M1,2752457928,16816718,39.2729744,-78.4718276
49180,49180,"Winston-Salem, NC","Winston-Salem, NC Metro Area",M1,5203284369,81513293,36.0788515,-80.3450642
49340,49340,"Worcester, MA","Worcester, MA Metro Area",M1,3912616783,177370102,42.3116934,-71.940282
49420,49420,"Yakima, WA","Yakima, WA Metro Area",M1,11122734403,41188783,46.4565581,-120.7401446
49620,49620,"York-Hanover, PA","York-Hanover, PA Metro Area",M1,2342261949,16503410,39.9217514,-76.7288887
49660,49660,"Youngstown-Warren, OH","Youngstown-Warren, OH Metro Area",M1,2665389621,83316732,41.1950924,-80.7650804
49700,49700,"Yuba City, CA","Yuba City, CA Metro Area",M1,3197863365,45895634,39.1609692,-121.5118327
49740,49740,"Yuma, AZ","Yuma, AZ Metro Area",M1,14280726743,13242852,32.7739424,-113.910905
