"metro_fips","metro","metro_ascii","metro_full","county_name","county_fips","state_id","state_name","lat","lng","population"
"35620","New York","New York","New York-Newark-Jersey City","Suffolk","36103","NY","New York","40.7222","-74.0225","19498249"
"31080","Los Angeles","Los Angeles","Los Angeles-Long Beach-Anaheim","Los Angeles","06037","CA","California","34.2215","-118.1494","12799100"
"16980","Chicago","Chicago","Chicago-Naperville-Elgin","Cook","17031","IL","Illinois","41.6675","-87.9597","9262559"
"19100","Dallas","Dallas","Dallas-Fort Worth-Arlington","Denton","48121","TX","Texas","32.8495","-96.9704","8100037"
"26420","Houston","Houston","Houston-Pasadena-The Woodlands","Harris","48201","TX","Texas","29.8422","-95.3855","7510252"
"12060","Atlanta","Atlanta","Atlanta-Sandy Springs-Roswell","Fulton","13121","GA","Georgia","33.7338","-84.3922","6305839"
"47900","Washington","Washington","Washington-Arlington-Alexandria","Frederick","24021","DC","District of Columbia","38.8446","-77.5092","6304449"
"37980","Philadelphia","Philadelphia","Philadelphia-Camden-Wilmington","Burlington","34005","PA","Pennsylvania","39.9056","-75.3020","6246160"
"33100","Miami","Miami","Miami-Fort Lauderdale-West Palm Beach","Palm Beach","12099","FL","Florida","26.1573","-80.5059","6183199"
"38060","Phoenix","Phoenix","Phoenix-Mesa-Chandler","Maricopa","04013","AZ","Arizona","33.1859","-112.0707","5070110"
"14460","Boston","Boston","Boston-Cambridge-Newton","Middlesex","25017","MA","Massachusetts","42.5584","-71.1007","4919179"
"40140","Riverside","Riverside","Riverside-San Bernardino-Ontario","San Bernardino","06071","CA","California","34.5517","-116.1297","4688053"
"41860","San Francisco","San Francisco","San Francisco-Oakland-Fremont","Contra Costa","06013","CA","California","37.7809","-122.1668","4566961"
"19820","Detroit","Detroit","Detroit-Warren-Dearborn","Oakland","26125","MI","Michigan","42.7196","-83.2329","4342304"
"42660","Seattle","Seattle","Seattle-Tacoma-Bellevue","King","53033","WA","Washington","47.5574","-121.8506","4044837"
"33460","Minneapolis","Minneapolis","Minneapolis-St. Paul-Bloomington","St. Croix","55109","MN","Minnesota","45.1034","-93.2753","3712020"
"45300","Tampa","Tampa","Tampa-St. Petersburg-Clearwater","Hillsborough","12057","FL","Florida","28.1538","-82.4050","3342963"
"41740","San Diego","San Diego","San Diego-Chula Vista-Carlsbad","San Diego","06073","CA","California","33.0343","-116.7350","3269973"
"19740","Denver","Denver","Denver-Aurora-Centennial","Park","08093","CO","Colorado","39.4337","-104.8944","3005131"
"12580","Baltimore","Baltimore","Baltimore-Columbia-Towson","Baltimore","24005","MD","Maryland","39.3386","-76.5807","2834316"
"36740","Orlando","Orlando","Orlando-Kissimmee-Sanford","Osceola","12097","FL","Florida","28.4343","-81.3630","2817933"
"16740","Charlotte","Charlotte","Charlotte-Concord-Gastonia","York","45091","NC","North Carolina","35.1686","-80.7954","2805115"
"41180","St. Louis","St. Louis","St. Louis","Franklin","29071","MO","Missouri","38.7352","-90.3501","2795504"
"41700","San Antonio","San Antonio","San Antonio-New Braunfels","Medina","48325","TX","Texas","29.4287","-98.6023","2703999"
"38900","Portland","Portland","Portland-Vancouver-Hillsboro","Clackamas","41005","OR","Oregon","45.5984","-122.4783","2509925"
"12420","Austin","Austin","Austin-Round Rock-San Marcos","Williamson","48491","TX","Texas","30.2622","-97.6544","2473275"
"38300","Pittsburgh","Pittsburgh","Pittsburgh","Westmoreland","42129","PA","Pennsylvania","40.4744","-79.8632","2422725"
"40900","Sacramento","Sacramento","Sacramento-Roseville-Folsom","El Dorado","06017","CA","California","38.7805","-120.9972","2420608"
"29820","Las Vegas","Las Vegas","Las Vegas-Henderson-North Las Vegas","Clark","32003","NV","Nevada","36.2152","-115.0135","2336573"
"17140","Cincinnati","Cincinnati","Cincinnati","Brown","39015","OH","Ohio","39.0811","-84.4646","2272910"
"28140","Kansas City","Kansas City","Kansas City","Bates","29013","MO","Missouri","38.9371","-94.4444","2219865"
"18140","Columbus","Columbus","Columbus","Licking","39089","OH","Ohio","39.9681","-82.8369","2180271"
"17410","Cleveland","Cleveland","Cleveland","Ashtabula","39007","OH","Ohio","41.4620","-81.4392","2158932"
"26900","Indianapolis","Indianapolis","Indianapolis-Carmel-Greenwood","Madison","18095","IN","Indiana","39.7929","-86.1216","2139689"
"34980","Nashville","Nashville","Nashville-Davidson--Murfreesboro--Franklin","Rutherford","47149","TN","Tennessee","36.0891","-86.7245","2104235"
"41940","San Jose","San Jose","San Jose-Sunnyvale-Santa Clara","San Benito","06069","CA","California","36.9095","-121.3759","1945767"
"47260","Virginia Beach","Virginia Beach","Virginia Beach-Chesapeake-Norfolk","Suffolk","51800","VA","Virginia","36.8251","-76.4746","1781671"
"27260","Jacksonville","Jacksonville","Jacksonville","Duval","12031","FL","Florida","30.2366","-81.7923","1713240"
"39300","Providence","Providence","Providence-Warwick","Bristol","25005","RI","Rhode Island","41.7186","-71.4001","1677803"
"33340","Milwaukee","Milwaukee","Milwaukee-Waukesha","Waukesha","55133","WI","Wisconsin","43.1767","-88.1725","1560424"
"39580","Raleigh","Raleigh","Raleigh-Cary","Wake","37183","NC","North Carolina","35.7573","-78.4608","1509231"
"36420","Oklahoma City","Oklahoma City","Oklahoma City","Grady","40051","OK","Oklahoma","35.4299","-97.5039","1477926"
"31140","Louisville/Jefferson County","Louisville/Jefferson County","Louisville/Jefferson County","Washington","18175","KY","Kentucky","38.2244","-85.7024","1364742"
"40060","Richmond","Richmond","Richmond","Dinwiddie","51053","VA","Virginia","37.4127","-77.4467","1350123"
"32820","Memphis","Memphis","Memphis","Shelby","47157","TN","Tennessee","35.0074","-89.8147","1335549"
"41620","Salt Lake City","Salt Lake City","Salt Lake City-Murray","Tooele","49045","UT","Utah","40.4706","-113.0105","1267864"
"13820","Birmingham","Birmingham","Birmingham","Jefferson","01073","AL","Alabama","33.4638","-86.8139","1184290"
"23420","Fresno","Fresno","Fresno","Fresno","06019","CA","California","36.8800","-119.6793","1180020"
"24340","Grand Rapids","Grand Rapids","Grand Rapids-Wyoming-Kentwood","Kent","26081","MI","Michigan","42.9898","-85.4162","1162950"
"15380","Buffalo","Buffalo","Buffalo-Cheektowaga","Erie","36029","NY","New York","42.9109","-78.7367","1155604"
"25540","Hartford","Hartford","Hartford-West Hartford-East Hartford","Capitol","09110","CT","Connecticut","41.7089","-72.5528","1151543"
"46060","Tucson","Tucson","Tucson","Pima","04019","AZ","Arizona","32.0974","-111.7899","1063162"
"40380","Rochester","Rochester","Rochester","Monroe","36055","NY","New York","43.0076","-77.5585","1052087"
"46140","Tulsa","Tulsa","Tulsa","Osage","40113","OK","Oklahoma","36.2504","-96.1662","1044287"
"46520","Urban Honolulu","Urban Honolulu","Urban Honolulu","Honolulu","15003","HI","Hawaii","21.4899","-158.0739","989408"
"36540","Omaha","Omaha","Omaha","Pottawattamie","19155","NE","Nebraska","41.2901","-95.9991","984548"
"24860","Greenville","Greenville","Greenville-Anderson-Greer","Greenville","45045","SC","South Carolina","34.6851","-82.4139","975480"
"35380","New Orleans","New Orleans","New Orleans-Metairie","Plaquemines","22075","LA","Louisiana","29.7832","-89.9570","962165"
"14860","Bridgeport","Bridgeport","Bridgeport-Stamford-Danbury","Western Connecticut","09190","CT","Connecticut","41.3061","-73.4028","951558"
"28940","Knoxville","Knoxville","Knoxville","Blount","47009","TN","Tennessee","36.0448","-84.1375","947017"
"10740","Albuquerque","Albuquerque","Albuquerque","Sandoval","35043","NM","New Mexico","35.1223","-106.4716","923518"
"12540","Bakersfield","Bakersfield","Bakersfield-Delano","Kern","06029","CA","California","35.3426","-118.7301","913820"
"35840","North Port","North Port","North Port-Bradenton-Sarasota","Manatee","12081","FL","Florida","27.3479","-82.3223","910108"
"10580","Albany","Albany","Albany-Schenectady-Troy","Saratoga","36091","NY","New York","42.7885","-73.9420","904682"
"32580","McAllen","McAllen","McAllen-Edinburg-Mission","Hidalgo","48215","TX","Texas","26.3969","-98.1812","898471"
"12940","Baton Rouge","Baton Rouge","Baton Rouge","Livingston","22063","LA","Louisiana","30.5173","-91.1270","873661"
"10900","Allentown","Allentown","Allentown-Bethlehem-Easton","Carbon","42025","PA","Pennsylvania","40.7894","-75.4039","873555"
"21340","El Paso","El Paso","El Paso","Hudspeth","48229","TX","Texas","31.5131","-105.5410","872063"
"49340","Worcester","Worcester","Worcester","Worcester","25027","MA","Massachusetts","42.3514","-71.9077","866866"
"17900","Columbia","Columbia","Columbia","Richland","45079","SC","South Carolina","34.0918","-81.0424","856889"
"16700","Charleston","Charleston","Charleston-North Charleston","Berkeley","45015","SC","South Carolina","33.0425","-80.0443","849417"
"15980","Cape Coral","Cape Coral","Cape Coral-Fort Myers","Lee","12071","FL","Florida","26.5780","-81.8332","834573"
"37100","Oxnard","Oxnard","Oxnard-Thousand Oaks-Ventura","Ventura","06111","CA","California","34.4561","-119.0836","829590"
"14260","Boise","Boise","Boise City","Owyhee","16073","ID","Idaho","43.0160","-116.1432","826521"
"29460","Lakeland","Lakeland","Lakeland-Winter Haven","Polk","12105","FL","Florida","27.9489","-81.6976","818330"
"19430","Dayton","Dayton","Dayton-Kettering-Beavercreek","Montgomery","39113","OH","Ohio","39.8295","-84.1419","814363"
"44700","Stockton","Stockton","Stockton-Lodi","San Joaquin","06077","CA","California","37.9348","-121.2714","800965"
"24660","Greensboro","Greensboro","Greensboro-High Point","Randolph","37151","NC","North Carolina","36.0259","-79.7916","789842"
"17820","Colorado Springs","Colorado Springs","Colorado Springs","El Paso","08041","CO","Colorado","38.8426","-104.6578","768832"
"30780","Little Rock","Little Rock","Little Rock-North Little Rock-Conway","Pulaski","05119","AR","Arkansas","34.7573","-92.3972","764582"
"19780","Des Moines","Des Moines","Des Moines-West Des Moines","Jasper","19099","IA","Iowa","41.5757","-93.7618","737164"
"39340","Provo","Provo","Provo-Orem-Lehi","Juab","49023","UT","Utah","39.8645","-112.3526","733218"
"19660","Deltona","Deltona","Deltona-Daytona Beach-Ormond Beach","Volusia","12127","FL","Florida","29.1740","-81.2197","721796"
"28880","Kiryas Joel","Kiryas Joel","Kiryas Joel-Poughkeepsie-Newburgh","Orange","36071","NY","New York","41.5827","-74.0257","704620"
"10420","Akron","Akron","Akron","Portage","39133","OH","Ohio","41.1487","-81.3495","698398"
"49180","Winston","Winston","Winston-Salem","Davidson","37057","NC","North Carolina","36.0767","-80.3458","695630"
"31540","Madison","Madison","Madison","Dane","55025","WI","Wisconsin","43.0802","-89.5922","694345"
"36260","Ogden","Ogden","Ogden","Weber","49057","UT","Utah","41.1189","-111.8703","658013"
"45060","Syracuse","Syracuse","Syracuse","Oswego","36075","NY","New York","43.1545","-76.0336","652956"
"48620","Wichita","Wichita","Wichita","Butler","20015","KS","Kansas","37.6387","-97.2454","652939"
"37340","Palm Bay","Palm Bay","Palm Bay-Melbourne-Titusville","Brevard","12009","FL","Florida","28.2937","-80.7323","643979"
"12260","Augusta","Augusta","Augusta-Richmond County","Aiken","45003","GA","Georgia","33.4610","-81.9829","628186"
"27140","Jackson","Jackson","Jackson","Yazoo","28163","MS","Mississippi","32.4278","-90.1360","609582"
"20500","Durham","Durham","Durham-Chapel Hill","Chatham","37037","NC","North Carolina","35.9910","-79.0997","608879"
"25420","Harrisburg","Harrisburg","Harrisburg-Carlisle","Dauphin","42043","PA","Pennsylvania","40.3267","-77.1012","606055"
"44060","Spokane","Spokane","Spokane-Spokane Valley","Stevens","53065","WA","Washington","48.0811","-117.6709","600292"
"45780","Toledo","Toledo","Toledo","Wood","39173","OH","Ohio","41.4982","-83.7825","600141"
"22220","Fayetteville","Fayetteville","Fayetteville-Springdale-Rogers","Washington","05143","AR","Arkansas","36.1084","-94.0755","590295"
"16860","Chattanooga","Chattanooga","Chattanooga","Hamilton","47065","TN","Tennessee","35.0520","-85.3601","580353"
"42540","Scranton","Scranton","Scranton--Wilkes-Barre","Luzerne","42079","PA","Pennsylvania","41.3232","-75.8957","569413"
"35300","New Haven","New Haven","New Haven","South Central Connecticut","09170","CT","Connecticut","41.3613","-72.8445","568158"
"38860","Portland","Portland","Portland-South Portland","York","23031","ME","Maine","43.6961","-70.4692","566329"
"39900","Reno","Reno","Reno","Washoe","32031","NV","Nevada","40.2587","-119.5532","564527"
"29540","Lancaster","Lancaster","Lancaster","Lancaster","42071","PA","Pennsylvania","40.0424","-76.2477","558589"
"33700","Modesto","Modesto","Modesto","Stanislaus","06099","CA","California","37.5591","-120.9977","551430"
"38940","Port St. Lucie","Port St. Lucie","Port St. Lucie","Martin","12085","FL","Florida","27.2199","-80.4508","536901"
"37860","Pensacola","Pensacola","Pensacola-Ferry Pass-Brent","Santa Rosa","12113","FL","Florida","30.6880","-87.1562","530090"
"26620","Huntsville","Huntsville","Huntsville","Madison","01089","AL","Alabama","34.7832","-86.7347","527254"
"30460","Lexington","Lexington","Lexington-Fayette","Bourbon","21017","KY","Kentucky","38.0905","-84.4331","520045"
"28660","Killeen","Killeen","Killeen-Temple","Bell","48027","TX","Texas","31.2078","-97.7876","501334"
"44180","Springfield","Springfield","Springfield","Greene","29077","MO","Missouri","37.3617","-93.1771","490886"
"42220","Santa Rosa","Santa Rosa","Santa Rosa-Petaluma","Sonoma","06097","CA","California","38.5290","-122.8882","481812"
"47300","Visalia","Visalia","Visalia","Tulare","06107","CA","California","36.2202","-118.8005","479468"
"29620","Lansing","Lansing","Lansing-East Lansing","Eaton","26045","MI","Michigan","42.7133","-84.6070","473177"
"48900","Wilmington","Wilmington","Wilmington","Brunswick","37019","NC","North Carolina","34.2907","-78.0514","467337"
"49620","York","York","York-Hanover","York","42133","PA","Pennsylvania","39.9200","-76.7265","464640"
"44140","Springfield","Springfield","Springfield","Hampden","25013","MA","Massachusetts","42.1351","-72.6316","460291"
"23060","Fort Wayne","Fort Wayne","Fort Wayne","Allen","18003","IN","Indiana","41.0054","-85.2168","457842"
"47930","Waterbury","Waterbury","Waterbury-Shelton","Naugatuck Valley","09140","CT","Connecticut","41.5231","-73.0860","456128"
"46700","Vallejo","Vallejo","Vallejo","Solano","06095","CA","California","38.2700","-121.9328","449218"
"18580","Corpus Christi","Corpus Christi","Corpus Christi","Nueces","48355","TX","Texas","27.8951","-97.4811","446041"
"42200","Santa Maria","Santa Maria","Santa Maria-Santa Barbara","Santa Barbara","06083","CA","California","34.6729","-120.0169","441257"
"41420","Salem","Salem","Salem","Marion","41047","OR","Oregon","44.9034","-122.9032","436546"
"39740","Reading","Reading","Reading","Berks","42011","PA","Pennsylvania","40.4163","-75.9260","432821"
"41500","Salinas","Salinas","Salinas","Monterey","06053","CA","California","36.2171","-121.2388","430723"
"31700","Manchester","Manchester","Manchester-Nashua","Hillsborough","33011","NH","New Hampshire","42.9153","-71.7161","427354"
"15180","Brownsville","Brownsville","Brownsville-Harlingen","Cameron","48061","TX","Texas","26.1333","-97.5187","426710"
"49660","Youngstown","Youngstown","Youngstown-Warren","Trumbull","39155","OH","Ohio","41.1962","-80.7673","425969"
"42340","Savannah","Savannah","Savannah","Chatham","13051","GA","Georgia","32.1306","-81.3019","424935"
"25060","Gulfport","Gulfport","Gulfport-Biloxi","Jackson","28059","MS","Mississippi","30.5569","-89.0377","421916"
"11700","Asheville","Asheville","Asheville","Buncombe","37021","NC","North Carolina","35.6173","-82.5710","417202"
"29180","Lafayette","Lafayette","Lafayette","Vermilion","22113","LA","Louisiana","30.0509","-92.1275","414288"
"33660","Mobile","Mobile","Mobile","Mobile","01097","AL","Alabama","30.7877","-88.2058","411640"
"36100","Ocala","Ocala","Ocala","Marion","12083","FL","Florida","29.2102","-82.0567","409959"
"34940","Naples","Naples","Naples-Marco Island","Collier","12021","FL","Florida","26.1108","-81.3474","404310"
"22420","Flint","Flint","Flint","Genesee","26049","MI","Michigan","43.0217","-83.7067","401522"
"11260","Anchorage","Anchorage","Anchorage","Matanuska-Susitna","02170","AK","Alaska","62.2431","-149.5439","401314"
"15940","Canton","Canton","Canton-Massillon","Stark","39151","OH","Ohio","40.7187","-81.2535","399474"
"34820","Myrtle Beach","Myrtle Beach","Myrtle Beach-Conway-North Myrtle Beach","Horry","45051","SC","South Carolina","33.9216","-78.9969","397478"
"13140","Beaumont","Beaumont","Beaumont-Port Arthur","Jefferson","48245","TX","Texas","30.1021","-94.2081","395479"
"45220","Tallahassee","Tallahassee","Tallahassee","Leon","12073","FL","Florida","30.4050","-84.2862","393414"
"22180","Fayetteville","Fayetteville","Fayetteville","Cumberland","37051","NC","North Carolina","35.0371","-78.9804","392336"
"33860","Montgomery","Montgomery","Montgomery","Montgomery","01101","AL","Alabama","32.3606","-86.4032","385463"
"43900","Spartanburg","Spartanburg","Spartanburg","Spartanburg","45083","SC","South Carolina","34.8379","-81.8476","383327"
"43340","Shreveport","Shreveport","Shreveport-Bossier City","Caddo","22017","LA","Louisiana","32.4387","-93.7451","383295"
"45940","Trenton","Trenton","Trenton-Princeton","Mercer","34021","NJ","New Jersey","40.2834","-74.7018","381671"
"21660","Eugene","Eugene","Eugene-Springfield","Lane","41039","OR","Oregon","43.9387","-122.8479","381181"
"19340","Davenport","Davenport","Davenport-Moline-Rock Island","Henry","17073","IA","Iowa","41.3969","-90.4659","379869"
"22660","Fort Collins","Fort Collins","Fort Collins-Loveland","Larimer","08069","CO","Colorado","40.6664","-105.4611","370771"
"25860","Hickory","Hickory","Hickory-Lenoir-Morganton","Burke","37023","NC","North Carolina","35.8129","-81.4543","370030"
"12100","Atlantic City","Atlantic City","Atlantic City-Hammonton","Atlantic","34001","NJ","New Jersey","39.3737","-74.7054","369823"
"26580","Huntington","Huntington","Huntington-Ashland","Wayne","54099","WV","West Virginia","38.3587","-82.5685","367192"
"11460","Ann Arbor","Ann Arbor","Ann Arbor","Washtenaw","26161","MI","Michigan","42.2532","-83.8388","365536"
"37900","Peoria","Peoria","Peoria","Tazewell","17179","IL","Illinois","40.7892","-89.5159","361989"
"31180","Lubbock","Lubbock","Lubbock","Hockley","48219","TX","Texas","33.4636","-101.8808","360342"
"24540","Greeley","Greeley","Greeley","Weld","08123","CO","Colorado","40.5548","-104.3925","359442"
"23540","Gainesville","Gainesville","Gainesville","Levy","12075","FL","Florida","29.5163","-82.6007","350203"
"30700","Lincoln","Lincoln","Lincoln","Lancaster","31109","NE","Nebraska","40.8199","-96.8708","343620"
"17300","Clarksville","Clarksville","Clarksville","Christian","21047","TN","Tennessee","36.6929","-87.6231","336861"
"40420","Rockford","Rockford","Rockford","Winnebago","17201","IL","Illinois","42.3316","-89.0421","334124"
"24580","Green Bay","Green Bay","Green Bay","Oconto","55083","WI","Wisconsin","44.7730","-88.0767","331882"
"17980","Columbus","Columbus","Columbus","Russell","01113","GA","Georgia","32.4182","-84.8439","329047"
"14500","Boulder","Boulder","Boulder","Boulder","08013","CO","Colorado","40.0925","-105.3577","326831"
"43780","South Bend","South Bend","South Bend-Mishawaka","Cass","26027","IN","Indiana","41.7736","-86.1341","324490"
"28420","Kennewick","Kennewick","Kennewick-Richland","Benton","53005","WA","Washington","46.3635","-119.2544","314253"
"40220","Roanoke","Roanoke","Roanoke","Franklin","51067","VA","Virginia","37.2861","-79.9466","313786"
"28700","Kingsport","Kingsport","Kingsport-Bristol","Washington","51191","TN","Tennessee","36.6078","-82.4426","312490"
"47380","Waco","Waco","Waco","McLennan","48309","TX","Texas","31.5945","-97.2829","305370"
"18880","Crestview","Crestview","Crestview-Fort Walton Beach-Destin","Walton","12131","FL","Florida","30.6657","-86.3657","304818"
"25180","Hagerstown","Hagerstown","Hagerstown-Martinsburg","Washington","24043","MD","Maryland","39.5499","-77.9814","304506"
"43620","Sioux Falls","Sioux Falls","Sioux Falls","Minnehaha","46099","SD","South Dakota","43.5273","-96.8739","303827"
"36500","Olympia","Olympia","Olympia-Lacey-Tumwater","Thurston","53067","WA","Washington","46.9256","-122.8333","299003"
"30980","Longview","Longview","Longview","Rusk","48401","TX","Texas","32.4311","-94.6752","293498"
"32900","Merced","Merced","Merced","Merced","06047","CA","California","37.1919","-120.7177","291920"
"46540","Utica","Utica","Utica-Rome","Herkimer","36043","NY","New York","43.3371","-75.1814","287039"
"42020","San Luis Obispo","San Luis Obispo","San Luis Obispo-Paso Robles","San Luis Obispo","06079","CA","California","35.3871","-120.4044","281639"
"20260","Duluth","Duluth","Duluth","St. Louis","27137","MN","Minnesota","47.3333","-92.4089","281603"
"17780","College Station","College Station","College Station-Bryan","Robertson","48395","TX","Texas","30.7565","-96.4890","280939"
"35980","Norwich","Norwich","Norwich-New London-Willimantic","Southeastern Connecticut","09180","CT","Connecticut","41.5023","-72.1000","279634"
"14740","Bremerton","Bremerton","Bremerton-Silverdale-Port Orchard","Kitsap","53035","WA","Washington","47.6127","-122.6762","277658"
"16300","Cedar Rapids","Cedar Rapids","Cedar Rapids","Linn","19113","IA","Iowa","42.0915","-91.6313","275668"
"43640","Slidell","Slidell","Slidell-Mandeville-Covington","St. Tammany","22103","LA","Louisiana","30.4103","-89.9584","275583"
"11100","Amarillo","Amarillo","Amarillo","Oldham","48359","TX","Texas","35.2489","-101.9095","273100"
"46220","Tuscaloosa","Tuscaloosa","Tuscaloosa","Tuscaloosa","01125","AL","Alabama","33.1098","-87.7645","271223"
"21780","Evansville","Evansville","Evansville","Posey","18129","IN","Indiana","38.0488","-87.5818","270717"
"29700","Laredo","Laredo","Laredo","Webb","48479","TX","Texas","27.7611","-99.3315","269148"
"21500","Erie","Erie","Erie","Erie","42049","PA","Pennsylvania","41.9925","-80.0327","267571"
"31340","Lynchburg","Lynchburg","Lynchburg","Bedford","51019","VA","Virginia","37.3650","-79.2198","265565"
"22020","Fargo","Fargo","Fargo","Cass","38017","ND","North Dakota","46.9178","-96.9655","262620"
"28020","Kalamazoo","Kalamazoo","Kalamazoo-Portage","Kalamazoo","26077","MI","Michigan","42.2455","-85.5312","262215"
"42100","Santa Cruz","Santa Cruz","Santa Cruz-Watsonville","Santa Cruz","06087","CA","California","37.0562","-122.0018","261547"
"13460","Bend","Bend","Bend","Deschutes","41017","OR","Oregon","44.1663","-120.8839","260919"
"49420","Yakima","Yakima","Yakima","Yakima","53077","WA","Washington","46.4571","-120.7385","256643"
"19300","Daphne","Daphne","Daphne-Fairhope-Foley","Baldwin","01003","AL","Alabama","30.7277","-87.7226","253507"
"39150","Prescott Valley","Prescott Valley","Prescott Valley-Prescott","Yavapai","04025","AZ","Arizona","34.5998","-112.5538","249081"
"11540","Appleton","Appleton","Appleton","Outagamie","55087","WI","Wisconsin","44.2890","-88.3712","246433"
"46340","Tyler","Tyler","Tyler","Smith","48423","TX","Texas","32.3750","-95.2692","245209"
"13780","Binghamton","Binghamton","Binghamton","Broome","36007","NY","New York","42.1645","-76.0251","243792"
"29340","Lake Charles","Lake Charles","Lake Charles","Cameron","22023","LA","Louisiana","30.0661","-93.1730","240210"
"16580","Champaign","Champaign","Champaign-Urbana","Champaign","17019","IL","Illinois","40.2267","-88.2945","237052"
"31420","Macon","Macon","Macon-Bibb County","Monroe","13207","GA","Georgia","32.8577","-83.7149","233020"
"25940","Hilton Head Island","Hilton Head Island","Hilton Head Island-Bluffton-Port Royal","Beaufort","45013","SC","South Carolina","32.4109","-80.8773","232523"
"45820","Topeka","Topeka","Topeka","Wabaunsee","20197","KS","Kansas","39.0438","-95.8031","232322"
"13380","Bellingham","Bellingham","Bellingham","Whatcom","53073","WA","Washington","48.8259","-121.7199","231919"
"12700","Barnstable Town","Barnstable Town","Barnstable Town","Barnstable","25001","MA","Massachusetts","41.7244","-70.2903","231735"
"22900","Fort Smith","Fort Smith","Fort Smith","Sequoyah","40135","AR","Arkansas","35.4392","-94.4484","231280"
"40340","Rochester","Rochester","Rochester","Fillmore","27045","MN","Minnesota","43.9560","-92.3381","229077"
"15540","Burlington","Burlington","Burlington-South Burlington","Franklin","50011","VT","Vermont","44.6868","-73.0315","227719"
"29200","Lafayette","Lafayette","Lafayette-West Lafayette","Tippecanoe","18157","IN","Indiana","40.4772","-87.0234","226830"
"29740","Las Cruces","Las Cruces","Las Cruces","Doña Ana","35013","NM","New Mexico","32.3526","-106.8328","225210"
"16820","Charlottesville","Charlottesville","Charlottesville","Albemarle","51003","VA","Virginia","37.9501","-78.5930","224932"
"29420","Lake Havasu City","Lake Havasu City","Lake Havasu City-Kingman","Mohave","04015","AZ","Arizona","35.7041","-113.7579","223682"
"33740","Monroe","Monroe","Monroe","Union","22111","LA","Louisiana","32.6718","-92.0496","222341"
"32780","Medford","Medford","Medford","Jackson","41029","OR","Oregon","42.4322","-122.7285","220768"
"12020","Athens","Athens","Athens-Clarke County","Oglethorpe","13221","GA","Georgia","33.9490","-83.2138","219870"
"23580","Gainesville","Gainesville","Gainesville","Hall","13139","GA","Georgia","34.3171","-83.8196","217267"
"37460","Panama City","Panama City","Panama City-Panama City Beach","Bay","12005","FL","Florida","30.4075","-85.6388","216371"
"17860","Columbia","Columbia","Columbia","Boone","29019","MO","Missouri","38.9838","-92.5793","215811"
"27340","Jacksonville","Jacksonville","Jacksonville","Onslow","37133","NC","North Carolina","34.7322","-77.4322","213676"
"49740","Yuma","Yuma","Yuma","Yuma","04027","AZ","Arizona","32.7695","-113.9056","213221"
"27740","Johnson City","Johnson City","Johnson City","Carter","47019","TN","Tennessee","36.2538","-82.3345","212561"
"30500","Lexington Park","Lexington Park","Lexington Park","St. Mary's","24037","MD","Maryland","38.3921","-76.5920","210009"
"17020","Chico","Chico","Chico","Butte","06007","CA","California","39.6669","-121.6007","207172"
"21140","Elkhart","Elkhart","Elkhart-Goshen","Elkhart","18039","IN","Indiana","41.5974","-85.8587","206409"
"39460","Punta Gorda","Punta Gorda","Punta Gorda","Charlotte","12015","FL","Florida","26.9058","-81.9114","206134"
"44100","Springfield","Springfield","Springfield","Sangamon","17167","IL","Illinois","39.8296","-89.6969","205111"
"27900","Joplin","Joplin","Joplin","Jasper","29097","MO","Missouri","37.0924","-94.5011","204787"
"16620","Charleston","Charleston","Charleston","Kanawha","54039","WV","West Virginia","38.2717","-81.4917","203259"
"12220","Auburn","Auburn","Auburn-Opelika","Lee","01081","AL","Alabama","32.4939","-85.5235","202676"
"41060","St. Cloud","St. Cloud","St. Cloud","Stearns","27145","MN","Minnesota","45.5859","-94.4721","202577"
"41100","St. George","St. George","St. George","Washington","49053","UT","Utah","37.2804","-113.5047","202452"
"47580","Warner Robins","Warner Robins","Warner Robins","Houston","13153","GA","Georgia","32.4903","-83.7120","200779"
"22500","Florence","Florence","Florence","Florence","45041","SC","South Carolina","34.1520","-79.8084","199630"
"26380","Houma","Houma","Houma-Bayou Cane-Thibodaux","Terrebonne","22109","LA","Louisiana","29.4838","-90.6656","198672"
"39540","Racine","Racine","Racine-Mount Pleasant","Racine","55101","WI","Wisconsin","42.7475","-88.0613","196613"
"14540","Bowling Green","Bowling Green","Bowling Green","Warren","21227","KY","Kentucky","37.0386","-86.4070","192191"
"13740","Billings","Billings","Billings","Yellowstone","30111","MT","Montana","45.6400","-108.8219","191435"
"20100","Dover","Dover","Dover","Kent","10001","DE","Delaware","39.0860","-75.5686","189789"
"40980","Saginaw","Saginaw","Saginaw","Saginaw","26145","MI","Michigan","43.3350","-84.0532","187782"
"17660","Coeur d'Alene","Coeur d'Alene","Coeur d'Alene","Kootenai","16055","ID","Idaho","47.6744","-116.7018","185010"
"49700","Yuba City","Yuba City","Yuba City","Yuba","06115","CA","California","39.1553","-121.5179","183670"
"33260","Midland","Midland","Midland","Martin","48317","TX","Texas","32.0897","-101.9910","182432"
"28740","Kingston","Kingston","Kingston","Ulster","36111","NY","New York","41.8881","-74.2586","182333"
"27180","Jackson","Jackson","Jackson","Gibson","47053","TN","Tennessee","35.7463","-88.8811","181826"
"13980","Blacksburg","Blacksburg","Blacksburg-Christiansburg-Radford","Montgomery","51121","VA","Virginia","37.1209","-80.5329","180890"
"39820","Redding","Redding","Redding","Shasta","06089","CA","California","40.7637","-122.0405","180366"
"10180","Abilene","Abilene","Abilene","Jones","48253","TX","Texas","32.4497","-99.7177","180224"
"26980","Iowa City","Iowa City","Iowa City","Johnson","19103","IA","Iowa","41.5113","-91.6500","180088"
"15500","Burlington","Burlington","Burlington","Alamance","37001","NC","North Carolina","36.0437","-79.3995","179165"
"20940","El Centro","El Centro","El Centro","Imperial","06025","CA","California","33.0395","-115.3653","179057"
"34740","Muskegon","Muskegon","Muskegon-Norton Shores","Muskegon","26121","MI","Michigan","43.2912","-86.1520","176564"
"24780","Greenville","Greenville","Greenville","Pitt","37147","NC","North Carolina","35.5933","-77.3745","175119"
"20740","Eau Claire","Eau Claire","Eau Claire","Chippewa","55017","WI","Wisconsin","44.9388","-91.2822","174873"
"36780","Oshkosh","Oshkosh","Oshkosh-Neenah","Winnebago","55139","WI","Wisconsin","44.0689","-88.6446","171735"
"14010","Bloomington","Bloomington","Bloomington","McLean","17113","IL","Illinois","40.4909","-88.8473","170441"
"29100","La Crosse","La Crosse","La Crosse-Onalaska","Vernon","55123","WI","Wisconsin","43.6983","-91.1076","170238"
"42680","Sebastian","Sebastian","Sebastian-Vero Beach-West Vero Corridor","Indian River","12061","FL","Florida","27.6943","-80.6064","169795"
"39380","Pueblo","Pueblo","Pueblo","Pueblo","08101","CO","Colorado","38.1735","-104.5127","169422"
"47940","Waterloo","Waterloo","Waterloo-Cedar Falls","Black Hawk","19013","IA","Iowa","42.5362","-92.4712","168162"
"26820","Idaho Falls","Idaho Falls","Idaho Falls","Butte","16023","ID","Idaho","43.6225","-112.4279","167609"
"28450","Kenosha","Kenosha","Kenosha","Kenosha","55059","WI","Wisconsin","42.5769","-88.0424","167488"
"45460","Terre Haute","Terre Haute","Terre Haute","Sullivan","18153","IN","Indiana","39.3919","-87.3440","167429"
"26140","Homosassa Springs","Homosassa Springs","Homosassa Springs","Citrus","12017","FL","Florida","28.8489","-82.4794","166696"
"36220","Odessa","Odessa","Odessa","Ector","48135","TX","Texas","31.8692","-102.5429","164494"
"27500","Janesville","Janesville","Janesville-Beloit","Rock","55105","WI","Wisconsin","42.6712","-89.0716","164278"
"27980","Kahului","Kahului","Kahului-Wailuku","Maui","15009","HI","Hawaii","20.8628","-156.5690","164264"
"11200","Amherst Town","Amherst Town","Amherst Town-Northampton","Hampshire","25015","MA","Massachusetts","42.3402","-72.6638","162502"
"14020","Bloomington","Bloomington","Bloomington","Monroe","18105","IN","Indiana","39.2347","-86.6760","160874"
"24300","Grand Junction","Grand Junction","Grand Junction","Mesa","08077","CO","Colorado","39.0183","-108.4664","159681"
"27100","Jackson","Jackson","Jackson","Jackson","26075","MI","Michigan","42.2485","-84.4234","159424"
"19460","Decatur","Decatur","Decatur","Lawrence","01079","AL","Alabama","34.4906","-87.1026","158635"
"16540","Chambersburg","Chambersburg","Chambersburg","Franklin","42055","PA","Pennsylvania","39.9274","-77.7213","157854"
"44300","State College","State College","State College","Centre","42027","PA","Pennsylvania","40.9189","-77.8199","157795"
"30860","Logan","Logan","Logan","Cache","49005","UT","Utah","41.8896","-111.7690","157164"
"39660","Rapid City","Rapid City","Rapid City","Meade","46093","SD","South Dakota","44.1915","-102.8999","156686"
"45900","Traverse City","Traverse City","Traverse City","Kalkaska","26079","MI","Michigan","44.7250","-85.5519","156371"
"42140","Santa Fe","Santa Fe","Santa Fe","Santa Fe","35049","NM","New Mexico","35.5069","-105.9763","155956"
"25620","Hattiesburg","Hattiesburg","Hattiesburg","Perry","28111","MS","Mississippi","31.1874","-89.2288","155835"
"12620","Bangor","Bangor","Bangor","Penobscot","23019","ME","Maine","45.4006","-68.6495","155312"
"22520","Florence","Florence","Florence-Muscle Shoals","Lauderdale","01077","AL","Alabama","34.8083","-87.7240","155175"
"33780","Monroe","Monroe","Monroe","Monroe","26115","MI","Michigan","41.9291","-83.5394","155045"
"20020","Dothan","Dothan","Dothan","Houston","01069","AL","Alabama","31.2529","-85.4617","153349"
"25260","Hanford","Hanford","Hanford-Corcoran","Kings","06031","CA","California","36.0752","-119.8155","152682"
"47220","Vineland","Vineland","Vineland","Cumberland","34011","NJ","New Jersey","39.3739","-75.1107","152326"
"35660","Niles","Niles","Niles","Berrien","26021","MI","Michigan","41.9547","-86.4123","152261"
"46660","Valdosta","Valdosta","Valdosta","Lowndes","13185","GA","Georgia","30.8294","-83.2415","151923"
"48680","Wildwood","Wildwood","Wildwood-The Villages","Sumter","12119","FL","Florida","28.7048","-82.0810","151565"
"27620","Jefferson City","Jefferson City","Jefferson City","Callaway","29027","MO","Missouri","38.6398","-92.0917","150447"
"48660","Wichita Falls","Wichita Falls","Wichita Falls","Clay","48077","TX","Texas","33.7747","-98.4914","149947"
"49020","Winchester","Winchester","Winchester","Hampshire","54027","VA","Virginia","39.2722","-78.4739","148656"
"10780","Alexandria","Alexandria","Alexandria","Rapides","22079","LA","Louisiana","31.3306","-92.5418","148171"
"10500","Albany","Albany","Albany","Worth","13321","GA","Georgia","31.6465","-84.1153","147062"
"43300","Sherman","Sherman","Sherman-Denison","Grayson","48181","TX","Texas","33.6268","-96.6777","146907"
"45500","Texarkana","Texarkana","Texarkana","Bowie","48037","TX","Texas","33.4736","-94.2140","146363"
"40580","Rocky Mount","Rocky Mount","Rocky Mount","Nash","37127","NC","North Carolina","35.9410","-77.7985","145383"
"19140","Dalton","Dalton","Dalton","Murray","13213","GA","Georgia","34.7963","-84.8481","144722"
"22380","Flagstaff","Flagstaff","Flagstaff","Coconino","04005","AZ","Arizona","35.8387","-111.7705","144472"
"30140","Lebanon","Lebanon","Lebanon","Lebanon","42075","PA","Pennsylvania","40.3672","-76.4577","144252"
"43580","Sioux City","Sioux City","Sioux City","Woodbury","19193","IA","Iowa","42.5189","-96.3088","143885"
"34060","Morgantown","Morgantown","Morgantown","Preston","54077","WV","West Virginia","39.5273","-79.8045","141817"
"48140","Wausau","Wausau","Wausau","Marathon","55073","WI","Wisconsin","44.8983","-89.7591","138612"
"25220","Hammond","Hammond","Hammond","Tangipahoa","22105","LA","Louisiana","30.6266","-90.4057","138064"
"25500","Harrisonburg","Harrisonburg","Harrisonburg","Rockingham","51165","VA","Virginia","38.5105","-78.8757","137650"
"27860","Jonesboro","Jonesboro","Jonesboro","Poinsett","05111","AR","Arkansas","35.6981","-90.6484","136390"
"13900","Bismarck","Bismarck","Bismarck","Morton","38059","ND","North Dakota","46.8841","-100.9786","135589"
"48540","Wheeling","Wheeling","Wheeling","Belmont","39013","WV","West Virginia","39.9748","-80.8413","135517"
"44220","Springfield","Springfield","Springfield","Clark","39023","OH","Ohio","39.9167","-83.7844","134610"
"12980","Battle Creek","Battle Creek","Battle Creek","Calhoun","26025","MI","Michigan","42.2465","-85.0056","133366"
"34900","Napa","Napa","Napa","Napa","06055","CA","California","38.5070","-122.3306","133216"
"31740","Manhattan","Manhattan","Manhattan","Pottawatomie","20149","KS","Kansas","39.2714","-96.5594","132831"
"10540","Albany","Albany","Albany","Linn","41043","OR","Oregon","44.4887","-122.5343","131496"
"34580","Mount Vernon","Mount Vernon","Mount Vernon-Anacortes","Skagit","53057","WA","Washington","48.4795","-121.7290","131417"
"27780","Johnstown","Johnstown","Johnstown","Cambria","42021","PA","Pennsylvania","40.4951","-78.7134","130668"
"41540","Salisbury","Salisbury","Salisbury","Wicomico","24045","MD","Maryland","38.2510","-75.6830","129710"
"17420","Cleveland","Cleveland","Cleveland","Polk","47139","TN","Tennessee","35.1345","-84.6674","129612"
"21060","Elizabethtown","Elizabethtown","Elizabethtown","Hardin","21093","KY","Kentucky","37.6531","-85.8852","129403"
"44420","Staunton","Staunton","Staunton-Stuarts Draft","Augusta","51015","VA","Virginia","38.1629","-79.1289","127344"
"38340","Pittsfield","Pittsfield","Pittsfield","Berkshire","25003","MA","Massachusetts","42.3707","-73.2063","126818"
"30020","Lawton","Lawton","Lawton","Comanche","40031","OK","Oklahoma","34.5241","-98.4348","126687"
"14580","Bozeman","Bozeman","Bozeman","Gallatin","30031","MT","Montana","45.5404","-111.1704","126409"
"33540","Missoula","Missoula","Missoula","Missoula","30063","MT","Montana","47.0718","-114.2664","125744"
"24020","Glens Falls","Glens Falls","Glens Falls","Warren","36113","NY","New York","43.4435","-73.6488","125427"
"11180","Ames","Ames","Ames","Boone","19015","IA","Iowa","42.0364","-93.6983","125156"
"31900","Mansfield","Mansfield","Mansfield","Richland","39139","OH","Ohio","40.7747","-82.5365","125064"
"48300","Wenatchee","Wenatchee","Wenatchee-East Wenatchee","Chelan","53007","WA","Washington","47.8185","-120.2656","124795"
"43420","Sierra Vista","Sierra Vista","Sierra Vista-Douglas","Cochise","04003","AZ","Arizona","31.8796","-109.7512","124640"
"34100","Morristown","Morristown","Morristown","Jefferson","47089","TN","Tennessee","36.1107","-83.3818","124054"
"22140","Farmington","Farmington","Farmington","San Juan","35045","NM","New Mexico","36.5085","-108.3206","120675"
"29940","Lawrence","Lawrence","Lawrence","Douglas","20045","KS","Kansas","38.8847","-95.2926","120553"
"11020","Altoona","Altoona","Altoona","Blair","42013","PA","Pennsylvania","40.4811","-78.3483","120273"
"46300","Twin Falls","Twin Falls","Twin Falls","Twin Falls","16083","ID","Idaho","42.4358","-114.5708","120060"
"41660","San Angelo","San Angelo","San Angelo","Tom Green","48451","TX","Texas","31.3637","-100.6730","120055"
"24140","Goldsboro","Goldsboro","Goldsboro","Wayne","37191","NC","North Carolina","35.3640","-78.0040","118686"
"41140","St. Joseph","St. Joseph","St. Joseph","Andrew","29003","MO","Missouri","39.8341","-94.7838","118666"
"43100","Sheboygan","Sheboygan","Sheboygan","Sheboygan","55117","WI","Wisconsin","43.7212","-87.9454","117752"
"11500","Anniston","Anniston","Anniston-Oxford","Calhoun","01015","AL","Alabama","33.7714","-85.8260","116429"
"15260","Brunswick","Brunswick","Brunswick-St. Simons","McIntosh","13191","GA","Georgia","31.3109","-81.6381","115087"
"48060","Watertown","Watertown","Watertown-Fort Drum","Jefferson","36045","NY","New York","44.0495","-75.9203","114787"
"48260","Weirton","Weirton","Weirton-Steubenville","Jefferson","39081","WV","West Virginia","40.3880","-80.7043","114106"
"41780","Sandusky","Sandusky","Sandusky","Ottawa","39123","OH","Ohio","41.4523","-82.8853","113838"
"30340","Lewiston","Lewiston","Lewiston-Auburn","Androscoggin","23001","ME","Maine","44.1658","-70.2065","113765"
"31020","Longview","Longview","Longview-Kelso","Cowlitz","53015","WA","Washington","46.1932","-122.6810","112864"
"48700","Williamsport","Williamsport","Williamsport","Lycoming","42081","PA","Pennsylvania","41.3434","-77.0645","112724"
"34620","Muncie","Muncie","Muncie","Delaware","18035","IN","Indiana","40.2275","-85.3969","112321"
"36980","Owensboro","Owensboro","Owensboro","Daviess","21059","KY","Kentucky","37.6611","-87.1488","112258"
"33140","Michigan City","Michigan City","Michigan City-La Porte","LaPorte","18091","IN","Indiana","41.5460","-86.7400","111706"
"13220","Beckley","Beckley","Beckley","Fayette","54019","WV","West Virginia","37.9062","-81.1609","111428"
"42700","Sebring","Sebring","Sebring","Highlands","12055","FL","Florida","27.3433","-81.3410","107614"
"38240","Pinehurst","Pinehurst","Pinehurst-Southern Pines","Moore","37125","NC","North Carolina","35.3106","-79.4814","106898"
"23900","Gettysburg","Gettysburg","Gettysburg","Adams","42001","PA","Pennsylvania","39.8715","-77.2179","106748"
"28100","Kankakee","Kankakee","Kankakee","Kankakee","17091","IL","Illinois","41.1377","-87.8618","105940"
"31860","Mankato","Mankato","Mankato","Blue Earth","27013","MN","Minnesota","44.1544","-94.1356","104248"
"44940","Sumter","Sumter","Sumter","Sumter","45085","SC","South Carolina","33.9162","-80.3822","104165"
"22540","Fond du Lac","Fond du Lac","Fond du Lac","Fond du Lac","55039","WI","Wisconsin","43.7536","-88.4883","103948"
"27060","Ithaca","Ithaca","Ithaca","Tompkins","36109","NY","New York","42.4520","-76.4736","103558"
"23460","Gadsden","Gadsden","Gadsden","Etowah","01055","AL","Alabama","34.0453","-86.0348","103241"
"24220","Grand Forks","Grand Forks","Grand Forks","Polk","27119","ND","North Dakota","47.8360","-96.8444","103120"
"13020","Bay City","Bay City","Bay City","Bay","26017","MI","Michigan","43.7075","-83.9924","102500"
"37140","Paducah","Paducah","Paducah","Livingston","21139","KY","Kentucky","37.0953","-88.7169","101900"
"16940","Cheyenne","Cheyenne","Cheyenne","Laramie","56021","WY","Wyoming","41.3070","-104.6895","100984"
"30620","Lima","Lima","Lima","Allen","39003","OH","Ohio","40.7715","-84.1058","100838"
"19500","Decatur","Decatur","Decatur","Macon","17115","IL","Illinois","39.8600","-88.9616","100591"
"40660","Rome","Rome","Rome","Floyd","13115","GA","Georgia","34.2632","-85.2143","100113"
"47020","Victoria","Victoria","Victoria","Victoria","48469","TX","Texas","28.7279","-97.1950","99982"
"26300","Hot Springs","Hot Springs","Hot Springs","Garland","05051","AR","Arkansas","34.5767","-93.1504","99784"
"20220","Dubuque","Dubuque","Dubuque","Dubuque","19061","IA","Iowa","42.4688","-90.8825","98887"
"16020","Cape Girardeau","Cape Girardeau","Cape Girardeau","Bollinger","29017","MO","Missouri","37.3245","-89.7698","97947"
"18700","Corvallis","Corvallis","Corvallis","Benton","41003","OR","Oregon","44.4918","-123.4293","97713"
"25740","Helena","Helena","Helena","Lewis and Clark","30049","MT","Montana","46.7205","-112.1422","95185"
"21820","Fairbanks","Fairbanks","Fairbanks-College","Fairbanks North Star","02090","AK","Alaska","64.8078","-146.5654","94840"
"38540","Pocatello","Pocatello","Pocatello","Bannock","16005","ID","Idaho","42.6685","-112.2246","90400"
"25980","Hinesville","Hinesville","Hinesville","Liberty","13179","GA","Georgia","31.7959","-81.6020","88753"
"24420","Grants Pass","Grants Pass","Grants Pass","Josephine","41033","OR","Oregon","42.3655","-123.5555","87821"
"37620","Parkersburg","Parkersburg","Parkersburg-Vienna","Wood","54107","WV","West Virginia","39.1389","-81.4628","87628"
"24500","Great Falls","Great Falls","Great Falls","Cascade","30013","MT","Montana","47.3079","-111.3470","84900"
"33220","Midland","Midland","Midland","Midland","26111","MI","Michigan","43.6468","-84.3881","84039"
"18020","Columbus","Columbus","Columbus","Bartholomew","18005","IN","Indiana","39.2060","-85.8976","84003"
"29020","Kokomo","Kokomo","Kokomo","Howard","18067","IN","Indiana","40.4836","-86.1169","83831"
"21300","Elmira","Elmira","Elmira","Chemung","36015","NY","New York","42.1413","-76.7600","81325"
"16220","Casper","Casper","Casper","Natrona","56025","WY","Wyoming","42.9622","-106.7986","79941"
"24260","Grand Island","Grand Island","Grand Island","Howard","31093","NE","Nebraska","41.0867","-98.3653","76479"
"33500","Minot","Minot","Minot","Ward","38101","ND","North Dakota","48.3188","-101.2077","75489"
"30300","Lewiston","Lewiston","Lewiston","Nez Perce","16069","ID","Idaho","46.2691","-116.9437","65536"
"21420","Enid","Enid","Enid","Garfield","40047","OK","Oklahoma","36.3791","-97.7827","62023"
"47460","Walla Walla","Walla Walla","Walla Walla","Walla Walla","53071","WA","Washington","46.2298","-118.4784","61568"
"16180","Carson City","Carson City","Carson City","Carson City","32510","NV","Nevada","39.1511","-119.7476","58036"
"20580","Eagle Pass","Eagle Pass","Eagle Pass","Maverick","48323","TX","Texas","28.7426","-100.3145","57762"
